insert into flirting.user (user_id, email, phone_number, device_id, status, role)
values (1001, '3d53fp3hn3de3fr3hk41@hanmail.net', '05-41348-3892', 'mVBF7VLRcfb3dBK91t8m-Dp0bMgG4YidhTU9YZTs43XAR2-2q5ep5mJc8WTTgIV1zZYk4E6r2m8NY4gZJwlGTO7wlbUuHVPd5SbI', 'ACTIVE', 'USER'),
       (1002, '3d53g33i43d73fy3hk.3d33fy@naver.com', '03-47903-7510', 'ypCz1LFAPMVMyLRNwVtO3iyfCN35OY0XWPL8ks8dgay2FW56Z8GEiYw_iVEANlk74xgWL1Gk0B9pelMbxhiW8E5ajdE8CKLcOXSX', 'ACTIVE', 'USER'),
       (1003, '3cz3fm3de3fr3hk.3cw3g53hr@gmail.com', '066-7890-7169', 'NlZ59PuYkxikCpuMxdKnPjXa_dlrOgaTYVPeUdkRpPPJseXqn65Knv65zjDTffZnGXIOlaeGkuz1O-42wXaIjT80hk8ORNg7INaW', 'ACTIVE', 'USER'),
       (1004, '3d53fp3hn3de3g1.3d23fr3i4@gmail.com', '06-14145-8143', 'hx9OwDB2TIERCnKeSw-27I3Kyl0DnechE_wgZy5bH5kblJxUoq_CpvVlq8AAPbWzJAbOEUreDl0CNcyM1OrGIsRdrpklVqvkFIVX', 'ACTIVE', 'USER'),
       (1005, '3d83fp3i43d73fp3hn65@naver.com', '00-53560-9287', 'o5lgIWlf1UuzgAW7BZ587jqBnRuibVde60kplTMyJ2sWBXKHaMMBbeFdpdlQtQOanQgmilgBCM6N8kxeBWxV2jGJWfWXcSGO8SEn', 'ACTIVE', 'USER'),
       (1006, '3d13ft3d33g53hn_3d53ft28@yahoo.co.kr', '009-6001-5985', 'lrG6geTu4m2VYXRw_tp05YJ-Jg-0TV1V0GVc6vf-UTl18_Yls4PLGjBz6U7vvJl0LAcB-zZZaop47ZIdr4TCPgtU44Lc7uzqSB4o', 'ACTIVE', 'USER'),
       (1007, '3dc3fm3cw3fr3hz69@hanmail.net', '06-07839-5739', 'SVVPsz_Yu2Hb1FmMOdVSM6nYfUti4qRjXhWz8n32ea__8-7CrpTL6bWifXVV71vE0qvjn55pTgCYyZgkgv0iB-VjJgW-bk_g2swG', 'ACTIVE', 'USER'),
       (1008, '3cz3ft3cw3g23hn21@gmail.com', '001-951-0732', 'KlbfDJDFsJPXjsJ2FMOCuf3ExB70wmT6-YANsUl1ynBr3glBhEO0atjnH5hFTgLE5IEyHmX7oBphfqdenQcOOq8wLZTsaQM1Tr-3', 'ACTIVE', 'USER'),
       (1009, '3d33fr3i43d23g53hn_3cw3g33hz@gmail.com', '03-04242-9302', '8GzTV1p74jLWc_LcpSHGb-I1Pi1YNEh4ep4ILJI74G2OhIqOkUfnKvB4fCvbE6zu64V8BgMESjundbetzYyayYS4aBamzfOTtqe0', 'ACTIVE', 'USER'),
       (1010, '3dc3fm3de3fu.3d83g523@hanmail.net', '034-552-6065', '8Px2XZw2RgPnbucgDuWzXNl0Lk8rfr4rjaHhDkbc2VzxkjrbgzzTd6LsjQa9D31ZR5IbquJmpCgLJQu8Ctg4I8Q9__ATa2VxJ3sx', 'ACTIVE', 'USER'),
       (1011, '3d53ft3i43d83fy_3d73g33hn@hanmail.net', '016-461-6696', 'BT4lVOB3ttPAaF1WFyLU4YCvlsqEurzMuyzQHD89XxIswrzEPKf20jv0T3sK-34mUJ_y5kGlSK18EWuPFsal2Nhhddt3PJuh7b_e', 'ACTIVE', 'USER'),
       (1012, '3d53fp3d73fp3hn32@gmail.com', '05-32828-2314', 'OIirAxACWpRDPuYdYUvsgYYZB-QQEEolRMpzd121qvwWfnax5ixORY2ICyG2G1OuORjprQ-bsYf5mceR8yTfnnfD2TOwE6BoF5dq', 'ACTIVE', 'USER'),
       (1013, '3d23fr3i43d53fp3hk_3d73g2@yahoo.co.kr', '041-987-1459', 'X4255ge975I49zMdPLrKxgoi2Ef1lU-LoD5T5kma4N0YmqoFdZzeKEOxjW5dh8qeXiXf7BGTTwNR47Lug1y7PjcudEXhznVaB7He', 'ACTIVE', 'USER'),
       (1014, '3cw3g23d33g53hn_3d53g53hz44@hanmail.net', '066-879-0328', 'yEMUXO0x49Ajua8LjDllxvbxcNdq2VhRSuoHXb6oRz_TQKYscMhoQuFXuH3w0YvLTIH_Ow7X-CkFe0wsrfhUFK4RddFuwDYXlypy', 'ACTIVE', 'USER'),
       (1015, '3d73fy3de3fr3hk_3d53fl@naver.com', '01-70451-6757', 'REnn3tZfMuFWGqptdHrl5KFCgKoKXc-pLyl4JUpt6B2exfbMLOzeh8_ivMiPZmbiOL3mpq_2hyK32m6hXwu5lxV3Em-aMADIowlQ', 'ACTIVE', 'USER'),
       (1016, '3d83ft3i43d53fp3hn.3dd3fm3i4@hanmail.net', '007-3444-3623', 'HDAPvnIUbFub9l_H8xWkxp-R_e3bw0bpVlw8zU0uYgy7YMdZaQQXoRXl-pl8leIK7HqV9d5TfTSPuqKrtOPr7i_oRHzFNB2QPnyx', 'ACTIVE', 'USER'),
       (1017, '3d53g33i43d83fm88@hanmail.net', '052-655-6471', 'ez6G-LnStaz10FhkvGcte2Kt_04ik4PJ_2SRx5kJERy-L7y8F3bbel_ztjnTRH-7a8KegVRA6RDlZopY88yDg4kQSHdoyQM--BMq', 'ACTIVE', 'USER'),
       (1018, '3de3fl3d13ft3hk.3cw3g53hz8@naver.com', '08-51502-2226', 'L1FWJm02cFApg2Je-ZVM4Vc9ggA1fAIuBGmpr9xSAF0EUuxrKncjdpZ-wiNjnZ5q1KcGZSbCapVBbY4Q_g0B6yzdo45041j1wqUv', 'ACTIVE', 'USER'),
       (1019, '3da3fl3hn3d83fy_3cw3fl3hr46@yahoo.co.kr', '089-8975-9141', 'bddVIN7p7RMEdbQxU7E4lFzxR4pIzyISvYPqCrnRyAv_c6hgtzEqU4PfivrKFvrqnyPma_8duwFMVA2IRsl1qS4PKz3NROYDf-25', 'ACTIVE', 'USER'),
       (1020, '3d83fm3d53fp3i4.3d23ft@yahoo.co.kr', '050-280-3803', 'FSwfP_WjSwadz5MDd_CztuSUE0OnQLB2REm7yRmHwLJOk8u3IXQP360aZLi-voHUWDB3UDGlqnVxDODVuFEVJpw5KjiOh8br1y8g', 'ACTIVE', 'USER'),
       (1021, '3cw3g33hn3de3fy18@naver.com', '01-15035-3579', 'VKECQCKGzlNR4ujD45dN9ZTaKD-7f1RVGxLKMYxqtcE9yjBgCgFX9RWG3Ot5dYkMRLP8VRhWT41FJIQ61BFXEd0w4-E89ZgSXY7V', 'ACTIVE', 'USER'),
       (1022, '3d73fs3d53fp3i0_3de3ft28@naver.com', '009-938-3068', 'Ic5e3JXt7nQE5vYCMe1PyGHP_30vGm7uqa1Vpj3JWi3oCzGEr7-eHFQiiGd5U_3Sg7CofQWWq7oOipVm7QdMB_mM3rLZljYblidP', 'ACTIVE', 'USER'),
       (1023, '3de3fr3i43d83fy65@yahoo.co.kr', '05-64351-1504', 'fcaviym42lHACCYoxAv0DxcQ8IZQk_A25G1A6CGKnfjTGRYSvHsLWvMMlXBU2elnlIwfGCzs7zCBEFhlG5wZqGVo64ruhVy8UddL', 'ACTIVE', 'USER'),
       (1024, '3d73g53de3fl3hn_3d73fl3hn@yahoo.co.kr', '015-7951-6418', 'z8bG4sNw_-pGAy52_sfqfolIjZEgZYgqQCgqSWmhx-olC3cljPMTyarzkyLD7YTmlt303kKZQhKN7Jkh40arpisJT54h3jq2pSCR', 'ACTIVE', 'USER'),
       (1025, '3cw3g33d13fy70@naver.com', '055-9580-3415', 'i9tHc6Z58rl7xhCS5quq_HXPMv63lrgsaW1Evy3tJamgk8d2RyAUOZRMelzHm4qi3G5dRQtVabk3vj5gdECorlithtO_3SUXkM75', 'ACTIVE', 'USER'),
       (1026, '3d73fx3i43d73fz3hn_3d53fp3hn@naver.com', '04-35510-0072', 'Mbahdl_b1O7CmoxPQJyXBGK5MRzvAlb4xFH8NRFH-_dWSlkTtnyFoNuBHm6Ndyxdwydn_AnzIZy5jpvT4X1k-qxaKI8_e39XRAz2', 'ACTIVE', 'USER'),
       (1027, '3d73g23d53g33i4.3da3fw69@yahoo.co.kr', '053-2098-9709', 'jiaDv7xxEuWoX-aA3UTEtsRFfaT2kiWaY1M9a1Kro4UwOot8WZk5yMjLOkurPypmx-HQSlZRX7iRmaE22PWarI1Dq50cKOysLXKn', 'ACTIVE', 'USER'),
       (1028, '3de3fr3hn3d73fr3i411@yahoo.co.kr', '060-721-7017', 'wl0K3mXGX0DJm0nnKDc374SBCLeRZdKsygQkkkFFINlOF2rG9_6UJIMKpFFz51U_jKRgICwKOI4hqPLmh0iJq4O8YQZplHuSKr_n', 'ACTIVE', 'USER'),
       (1029, '3d83g53hn3de3fr3hk24@yahoo.co.kr', '09-41948-1656', '9tIBqJMOYIu1pVlNd6Z8P4WJdS9Ryx7ClvULFQZsn34NfuiqAz73ro4ZQAtMltdDDpv2EGS1QQw_OGcAF80DmPJGwPAV3XjGkl4c', 'ACTIVE', 'USER'),
       (1030, '3d73g53hr3de3fu3hn19@yahoo.co.kr', '001-693-9874', 'PIFgf4xDqU8EMFxMK5j9Tvjf1Klc4nqUOLSkxH8Sunkrxc6K1juH9AtIouxdQBGH5s7AKyh28vIIUpalsBHyL9JSwWd1mCp_cHJD', 'ACTIVE', 'USER'),
       (1031, '3da3fl3hn3de3fr3hn32@naver.com', '000-2686-0521', 'upw4ntPtJ_jfItaETib5nZ_JsyuS_InTp-0l2LS1Us_d4X4NxopNP6OGSWDQ7sjsVIoSb0Bw15VRIKuv2Af-BGQzFtHFJPQmTLJa', 'ACTIVE', 'USER'),
       (1032, '3d83g53hn3d53ft3hr_3d73fx3i453@naver.com', '01-46876-3927', 'CycyY_UFgljd3nKOBLBGfEZ8of4LG_K97v8Liv-9Mv2xDqO64RdM0F_ONw0MFVIMNeAso8bNz002BjNWvtfd0YLVcHcIL2poKuZD', 'ACTIVE', 'USER'),
       (1033, '3d73g33hn3d83ft18@yahoo.co.kr', '003-330-9507', 'oopEM21aMgFln9APr2m0xWeQ8pp60MyZAGvY1PjVdyAWP73xcS3e9p4kh3SrD3PiSmgbWDtumG_mfw93X0K5Tv8GUe_hTjTK4GRO', 'ACTIVE', 'USER'),
       (1034, '3dc3fm3cw3g573@gmail.com', '013-8472-4478', '-iHxPCgXHZaGUcVjANFNMhSyH7s9wmqArlL3tDecgstmJTGPhzceZZjM_Cp2UZoPe56kon2C2OY_eeA1zWDKqoh4Fd0MZdyQRbsk', 'ACTIVE', 'USER'),
       (1035, '3d83g53hn3de3fy75@yahoo.co.kr', '06-86168-4550', 'qpsRIdJgq2w0pUiv0e4lYWYvEz6Pd2mkveXKf-RTqspDFUgoi-z7jb22AwIO5QMym3jAdMmpZQ8vBfc0Y0RScnsy_wpYkT034ldO', 'ACTIVE', 'USER'),
       (1036, '3cw3fz3hn3d23g53hn_3cw3g5@gmail.com', '04-17669-7151', '-lHzY_APY6tBs1Q6IA3ESYq8vnwsmgsXWVLbIfTSVc6zhk7swt3eXM84D2xVDLU-5n-iBC0u5U6PQo5lK2yCTHnRBG_-ARNVyPU2', 'ACTIVE', 'USER'),
       (1037, '3da3fl3hn3d73g53hk_3d83fq86@naver.com', '04-98115-9054', 'caQA0QBRBh1dk49p8g0O9Y9nUnh6qpxqZsDI6CtLyVdxMFhrBW-dUefOreipselmYIXau49iKj5ZzffD_NSGbjpEW8JUV2OgLbtf', 'ACTIVE', 'USER'),
       (1038, '3cw3fu3i43de3g1.3d73fp@hanmail.net', '053-3379-9668', 'LPSRBOBwX6mdv_NJlIf3tmqpaMozhzfwpZ9q1xz3J8P-hjLI6gmGMJweXUs84CX6-ntviBkC_bHju6CbMDPH1BjnelyigbT5p22S', 'ACTIVE', 'USER'),
       (1039, '3d73g23d53g33i480@hanmail.net', '09-42600-2975', 'EgjsI-FUfbNfhdyOhkoN1Xz_FUr0q9-Zjv15NFTKu18Oqs9mXk4W9KF5grFuoLBvshN50IKnY1xPYTbaRgz-xdA_WVqweTJYfCeR', 'ACTIVE', 'USER'),
       (1040, '3d73g33hn3d73ft.3d73fr3hz@hanmail.net', '04-49511-9456', 'O-3fwdRBSTLDh8jkckpqWAopX-_meU8Q0dP_lFKPIHgdAzYa7ltFHcjuL2rhmeh5ZWfX4RzlmK3loYrZahOxRPW6hUqWT1RdU-GR', 'ACTIVE', 'USER'),
       (1041, '3cw3g53d73fr3hn_3d73fr@naver.com', '08-17281-5418', 'H_8i8rg0QDKQo2Mvxji2-6DxMtl_4XYGnURjvd9_0cD6UCGypwfB9P4MiQ4FfKIR-DffhVYPJ2tXNRQ3g3KPPATPI3stP3dZR8Fi', 'ACTIVE', 'USER'),
       (1042, '3cw3fp3hn3d53fy_3cw3fy3hk@hanmail.net', '06-17528-6007', 'uleRMcxAxcvTtfvbS_iC2iGgrGCrPUteGNyaCrRC1Nefjr1Ud0mnXi-bXY-L_Dq_xYgzQlA2e8H_cF1KAm1f_wAaeWLhjIPCcPUX', 'ACTIVE', 'USER'),
       (1043, '3cw3fl3d33g53hn_3d33ft3hk19@naver.com', '02-31770-6410', 'tea3V-FIAEEVErsa0hBtaH0Pmuka1ZE_mGsiL3T8VHraDEgCHJx6PGM-MXuy6D49H216XwT4fHIsNwF3FjMNoQqdRn-Atr7LtCJD', 'ACTIVE', 'USER'),
       (1044, '3d73fl3d53fp3hz99@yahoo.co.kr', '07-56846-5935', '52nYTblmNN6HZnPq51s2CXLPuPKh7oN0B7R_Hopim1NF-RE0Uom4NYfbvRB8eVR7tkzI1X5NIxjM39smpyh7rDph_WU4qxuEBK4G', 'ACTIVE', 'USER'),
       (1045, '3d23fy3hn3d53fp3i4_3d33ft3i495@hanmail.net', '025-4630-8155', 'LD6uytkCnodW6j6UEAEvdFPzOAoaJ-TK7H9B9OFjspE0HfEfTyssxy9tQrZXQwVDmKhKQgyVARkSIOWIXkvXfxklQGh_re-WPkol', 'ACTIVE', 'USER'),
       (1046, '3d23fy3da3fl3hn.3cw3fy@yahoo.co.kr', '00-66801-5394', 'IStv5lRhoXDGGYObYzVRftnNLv8v-fif4tqQsVJgZtmEKV4sP4dyAdppQDLHA-OB9Z8GFwsYo0Lx02P3sWCeeQs9PAPOhWopPBFG', 'ACTIVE', 'USER'),
       (1047, '3da3fl3i43d73fr3i0_3dd3fx78@gmail.com', '088-5308-7322', 'uVHVu63DZGoMsIOQUDqFDP-vxuHglUxz5uAuctwTqK7cvbVgG5ORg_JUhzJsQcyN0WvkQZMnPn1fxfnJ47GFWONA1d87MyDqZElP', 'ACTIVE', 'USER'),
       (1048, '3de3ft3i43d83fy_3d13fl28@naver.com', '073-517-4172', '8XDDYQMljGo4xlT8IY1Em9EaLaCi6J87eGH6UmUL3v31SFPhNvk8caYEv99gR4rvNaHLUCfjXeHsGFBd52fNwuTfcMN6kYGyrFcV', 'ACTIVE', 'USER'),
       (1049, '3dc3fm3d73g4.3d53fp3hk5@gmail.com', '066-710-5370', 'S-4aDK6tOx3urwJC0uGucrXUfUSlJ7bFVVy6svRWtV7fCZxsNqxKFNpUorSjsxRIc2j3YkIyeHSlaH6ZWrwobwM9niYRrtE6SOjF', 'ACTIVE', 'USER'),
       (1050, '3d83fy3hn3d23fr3i4_3d53fp3hk74@gmail.com', '09-74736-4289', 'sMoE8NeEHm9PJZTicHwZTrXlGlJQyhAURU7qSyHdrUbmTFJMk13vJwSpn2Q1bYcSvReU7FYg2pwjZSgbyutOWOBUflqi-WmFSLh2', 'ACTIVE', 'USER'),
       (1051, '3d33g33d13fl_3cw3fl3i4@gmail.com', '02-59057-2881', 'MCh04ea4vfFNUT5AxTAWouMY7QFCet0eEi3vT_emqA2u_XWb3-tsPb-9uB9bS4WoRQgmvaAQ0dCL1NX1nXP942STqcvYehgHy0CS', 'ACTIVE', 'USER'),
       (1052, '3d73g23hn3d53g53hk.3d73fy@yahoo.co.kr', '012-926-0855', 'z-mmQh6WSy_3Lpk0ZZkZ5nqPe2JJX_f7EE03ZgQyIkIm-3_msZnL-TbyeNGaZLTzDv2ZITROr8sMETNgQS7LGvCxrF28e9y3eAzd', 'ACTIVE', 'USER'),
       (1053, '3cz3fm3cw3fp3hn_3d53fl@hanmail.net', '065-269-0277', '05KxbQpiy0fChGRuL6Zbr4NXeOf29Q8oIqWHFUeC9VUzORJUs3crBFXsoI1_P15ppuByZsLuJe3OVuwj8A7Q9OMEzktpsiWwLYHx', 'ACTIVE', 'USER'),
       (1054, '3de3fl3d73g54@hanmail.net', '058-4648-1004', '1PqRWyMkpSVHC4tBMDcCWJIHwZWyty8rfdW8mvUcIVFh_v4sl6bhfIeJ8OJ_IMab3b6HTZ9EaRI0ywhNtMPaJueUTNcZrXoBjeQQ', 'ACTIVE', 'USER'),
       (1055, '3cw3fu3i43d73fz3hn_3d53fl3i456@gmail.com', '011-1155-2388', 'ODa9SSZlM3XWnUZ2PUs_5lWpqo9DR3yknqfEGkHSsZfq_5BNfzl4oke7_w8ZnridwMFvf8u9czSFelBV80XUZjLO5vbyK6uMNksp', 'ACTIVE', 'USER'),
       (1056, '3da3fl3i43cz3fm_3cz3fy@yahoo.co.kr', '086-077-6626', 'N5POR_WYv4wfb6R6qSabfbiFAZQ0No_3164-7Pe_c9zZwpoKQCDHUql3xk_AF74RuWwTTfYgge3mXNtwGa4GKP6LE5Y2uWSbYHEL', 'ACTIVE', 'USER'),
       (1057, '3d73fr3i43d33g53hn_3d33fm3hk@yahoo.co.kr', '016-190-7063', '6l53Dt3qKuwrvd6jsDEyzqZT7EKvuXLvq16_YnCwfT7qjBPXL3UTJF_h06gNCxdSGb92d52Z5VvuhBkcvv-A2lQBk3otkmICIns2', 'ACTIVE', 'USER'),
       (1058, '3d53g33hr3d73ft3i4_3de3fl3hz@gmail.com', '089-112-4259', '2A6qT-nz20jYCwiHWNEkaWdDhzVo2qys3CoaMMrFWPibWPMVeyrnYaEJtM212v93wfsJ_iucwc8F5H3TrdY7TeqKv9HuPNnrwps1', 'ACTIVE', 'USER'),
       (1059, '3d83g53d73fy3hn_3d53ft@yahoo.co.kr', '062-4439-7229', '00obHzSWAKjX5PXBCDoB0Gm50Q9nWIwyXWZy3vkd5wehaECqUzNDRKwsOmM8SUCjkgYunujyTnkdEnQjVRvKQV3a2iOX15eHwYAt', 'ACTIVE', 'USER'),
       (1060, '3d53g33i43d73g214@yahoo.co.kr', '079-426-4016', 'KACBGjDHUnubiZTbXnoeKgbfk51tW_xXjPnMtjhvwVfZiaHr4zDk5VcnyuZteKm4r1KqnoP0vli9EHuN7fYqwHasggQzYte-iF33', 'ACTIVE', 'USER'),
       (1061, '3d53g33i43de3fl3hk7@naver.com', '03-81253-6795', 'OvS1YsDW5AWBZR9PuHeHQBGjgmrJkR7smKH9smsYI5eNynHDnHvNgwkuXp0-z15TZlaP1xqUFpRY3z4ZHPq7C8VnDzMJ9r_fcObQ', 'ACTIVE', 'USER'),
       (1062, '3d83g53de3fu3hn_3dd3fm3i44@gmail.com', '05-25014-9952', 'vu5L_wo0pcGhMkiWt3AIPmygM_12lZGtNv_xsugeCpat7PUH128Vzg_Lt82kSwBAx87bVNnQgeGxsumummj4aVI31axbt6ykHSh_', 'ACTIVE', 'USER'),
       (1063, '3d83fm3d23g53hn_3d73g53hz@naver.com', '00-93641-3088', 'QflhTErAWM5zb_9QkP9JX9e1IL0q8UGiqZg_Lm9JM_0ZBA65xzR2FADl-dvk_b4ymV8LevPGNzGMVMPxKgJug6EPuLBs7ofKCatp', 'ACTIVE', 'USER'),
       (1064, '3d73fs3de3ft.3d73g23hk@gmail.com', '027-718-4893', 'ooBxtRTviuApV6vUo92lgj0HdfDyvDdIom7Edws_H2NrIA3C1NnXn9URMc2rbZ49zwmbEmsIunarO76YzKLnkXVhf-1BCUBQ-TXY', 'ACTIVE', 'USER'),
       (1065, '3da3fl3hn3cw3g5_3d23fl99@hanmail.net', '003-4216-1748', '1K2HphVIRsTZsm_jHjn8AMrvhJrrp17kDBlK6J-ABHJlSeu0Ho6IOAP0dpNjvmFHpfeWoN1NOd-ynsZGoMYNgfIg4msCScDvEqn7', 'ACTIVE', 'USER'),
       (1066, '3d83fy3hn3d73fy3i4_3cw3fz3hn@gmail.com', '053-273-1598', 'WuiBADXc7WK6KS3gksvkp0sNqzmvvF7iMKzkdjvXQoHKnRQnt1G992MPNxFx9va7v3owyDl6WONUpnhmb7sIKwT4qzgFFHVryn75', 'ACTIVE', 'USER'),
       (1067, '3de3fp3hn3d83fm.3cw3fl3i4@yahoo.co.kr', '076-995-0820', 'XHriJAnIcbtDItt42aonXQlfGWtSoajGG1o8iSezNC6eLUwd_p6kYImfm2HXoIa2pw9rN3VDgUyxGMREvad0ize3VTrWLrDLuA8x', 'ACTIVE', 'USER'),
       (1068, '3d73g33hn3cw3g2_3d73ft@gmail.com', '076-250-9842', 'Jc1jR5w6lAHeKPkbBTA2qtmzpWR86rteW8oSWWGcbrmA1mGwnWbLuzTP71SQKCqw8QOOi9KsVubdk1Hyh6d4aDyQEIPQU2ikiwD_', 'ACTIVE', 'USER'),
       (1069, '3de3fl3hn3de3ft_3d53ft3i4@naver.com', '095-990-2330', 'cvzvHeSrxCMk4fTdXc21S3EmAgWYIVPJyjzyIxEJO2ycmIdQzwb6ziqPxaI7-YnirUARrbHs54fnTYc1jXXD3LPxzubcqF9JS3m3', 'ACTIVE', 'USER'),
       (1070, '3cz3ft3de3fl3hn_3de3fl@naver.com', '029-146-8521', 'cDNu9PBKhdsoFyeHGb9eiuDdeuEjAv3xJckH9VthzAzkC6R4BxxMtqHKKr1EHcuG-3U20YOe5jXvCihv-ImMQNRps1zOjMArznSK', 'ACTIVE', 'USER'),
       (1071, '3d33ft3d13fl3hz_3d23ft3hk48@yahoo.co.kr', '02-23681-9697', 'HPiA7ZmICqo99gfUT0twwEdfY2vQdlCj0oUqBbzR2EMIFrbzqJ3WvZjtK9hil2wHr60lUlgj4dKaIQRsB2_9lw6n6tTfDDh4141t', 'ACTIVE', 'USER'),
       (1072, '3d83ft3i43d53fp.3d73fn3i488@gmail.com', '067-2598-0728', 'UX5r8-HE3Ym2L7yF-vPgDGspHEQy_22uILJmwakgOhKKeio7Lm1frD4XjUbzCck04BKOrkQUQlrss82CSr5bpzvBJ4J7BV1jyjCD', 'ACTIVE', 'USER'),
       (1073, '3d53fp3hn3d23fr3i4.3dc3fl3hk85@hanmail.net', '068-2954-0349', 'WcDJxoDCDM2nbgGRFE40l-Vtp7XNSdL5Q2sy7ruiQEOEWM5TljrcyRf_RAjvGyvxmMCRc81_mpPeHrzgI064pSFuBc4mZtxeseEC', 'ACTIVE', 'USER'),
       (1074, '3d53fp3i43d23ft.3cw3fu3hk13@naver.com', '027-304-9094', 'eQb1nBrAvLQnfqbSOKzwCv1TGNDVKfOJnmYjWR3tSDPH16YUrEPdWpeWvV1om0CuDBWh3f4VAC1AlZrj-Bo5uvnz2lFU_hzVPcUl', 'ACTIVE', 'USER'),
       (1075, '3cz3fl3d33g53i62@hanmail.net', '034-7258-6973', 'Mj6Su32Bf9OQgjZ82ZmP0RyGuop_UquSpERQrc52f3xqi4Nd7XWUAmhpbOA3L9FRdYTLoArG897NHPxdcFmjP1TpPBLMkSmmeZmx', 'ACTIVE', 'USER'),
       (1076, '3d53fl3i43de3fr3hn_3d33fl3i4@hanmail.net', '00-60270-8303', 'y8rhHjUex1V6ZLya-jMrgyWFVlpylpOdfg4YZ7hV_bigGGpnJLgKf6q4vcdgk5_wrl5B-qSzzLFGr47QTpaWHc0OpiCGqeAnDDUw', 'ACTIVE', 'USER'),
       (1077, '3cz3fm3cw3fp3hn70@gmail.com', '081-162-3457', 'owipcNXBqUNMlRnumyDUB0aPSWyCwej5cKQW1kcEHA318QeYesEmFeCAfwvMc7GoM58TAtcm1lZH4Mr9_3TmlpRU_07Of8ERYiVO', 'ACTIVE', 'USER'),
       (1078, '3de3fl3d83fy.3cz3fy61@hanmail.net', '025-2483-4031', 'r4Sb9DPloosADKHsKdkCNm1CAgRdK_6dm8I0ceiO3P8ezFGziaE5FtQZensY56yAS8NiwjU3nAFZhmPEYtJXc3qCOIfx1C_PSS6h', 'ACTIVE', 'USER'),
       (1079, '3d13fy3d33g53hn72@hanmail.net', '09-05800-5905', 'riq3Vm7n8fwvJX6GKW3mF19EAkwmIWgqkXTTM4bUGtSqseP8VedEc7pRtr1J17mZRpM5TO31o7Xdgr6cka82Kj-72ApamX5lJwEd', 'ACTIVE', 'USER'),
       (1080, '3d13fy3de3fl_3d33fm83@gmail.com', '056-020-3647', 's3jaPIde6UsV9gd7qi3684djLt3-Soq6wRw4hMkM6meXRacnYIGp_u1LdSJytbAHTrBdPagrBmdZHlipFRIi9X5wDnU7EXNATrdy', 'ACTIVE', 'USER'),
       (1081, '3d33fm3hk3de3ft.3d33fm@yahoo.co.kr', '097-025-5331', '5do4mb-77--LCkcB_4veC2W35Nc-7l5twMhvWsxn6sYQ_xlBai3pN7aFkDKFW6SbyxwW0qfE59ERKLc_gl3elayB8PTzYGdxRf8w', 'ACTIVE', 'USER'),
       (1082, '3d73g33hn3d73fr3i0_3cw3g33hz@naver.com', '04-70790-9358', 'Grrxu8la4jSnuTgY41RwE1OBlUh8ERLKAlDZe6LquCOSkRe9rh7eTVVMvKFHK-Pyp1APUhQs0xrbByBzZevOR7-uUK5b-v5mbSLs', 'ACTIVE', 'USER'),
       (1083, '3d53g33i43de3fr3hk_3d23fy3hn31@hanmail.net', '091-493-4318', 'Uwwl4jJVt8FPF5H43mnjW_4dKxEYT2M9lmJtJsTTsVPeAgAPjf-GVAO36AoosmIOPT3pk6A9DDQBWt8HU25IRDQGC5Ek0X3HRxKp', 'ACTIVE', 'USER'),
       (1084, '3d73fr3i43de3fy3hn.3de3fp0@gmail.com', '075-568-9955', 'xBLLiCU3ESexsMmcmdGMLbinD38bZLJIzOawYTXsljnHRzdR1hq2FFXlOwYUI1ypLPRMjQ4W1PUrJcof6iZ46aOcURG6RTSL4aTU', 'ACTIVE', 'USER'),
       (1085, '3d83fp3i43de3fr3hk_3cz3fy61@yahoo.co.kr', '01-13463-7988', 'U2NZpGnWl3hj54Lr7QUz622MqhF-eOOWOFH90x3UQYDLMIXwj1Yi7qg3DDQSdm84XV_eZPELHrjf9-6XSYRPU1IXo2etaq426D5d', 'ACTIVE', 'USER'),
       (1086, '3cz3ft3i43cw3g23hn55@yahoo.co.kr', '033-290-6492', 'rbsuScI5p8sqdjsU8nL-9zqrjloZ1Yhl95wQ8nkx4XSARW0sqkJwYvioCWDad9Uyf4XecbIMQafkRjO7PMIjf8Sy-XE1xbCRQ41J', 'ACTIVE', 'USER'),
       (1087, '3da3ft3d73g53hn.3dd3fr3hn85@yahoo.co.kr', '042-7208-0241', 'KHwIEBpcwq80k73na8W3kY7hc-SXkzV8_rqGtc9QnlfiRuWazGeKtrdtgtoVDceDG_sCfJJ1RhxTorvoBCh7__fgFFYrG47uiJLS', 'ACTIVE', 'USER'),
       (1088, '3de3ft3i43d83fy.3cw3fl43@yahoo.co.kr', '092-816-2549', 'q9CvZd6N5rgYqRKFc5C46yqcBODuOJD-dsdx7Brkd9YLn8f3VTEVrUTogM2011POQkZvmj4GAiVxZPnfHn_XyG4AaeLP7HEeG9NW', 'ACTIVE', 'USER'),
       (1089, '3d23g53hn3cw3g33hn_3da3fp3hn25@gmail.com', '022-819-5364', 'M5uy9tJzQ9qWGvEd6Ew96ophmdw685e4cbvuaetZph-Vu_KpDEGU49DNr-_bHyBDc6qtsMiv4SUjwe08XLMyVgPAoIi5wJtP0WXZ', 'ACTIVE', 'USER'),
       (1090, '3cz3fp3hk3de3fr3hn.3d83g53hn72@hanmail.net', '046-5891-7642', 'vXDzjHfrtgO0XMre8juhJf91RIn60n4pWCekH16G3qVMq-CPf2yCxjcZ-EYWp8Pt2Yoev6P-rMytKXNmp94pib0UEQzeAvBsWWsk', 'ACTIVE', 'USER'),
       (1091, '3d83fm3d73fp3hn_3de3fl77@yahoo.co.kr', '08-70650-8259', 'l7SQWCZxnKFffmPtPuGgc5VdaZwBwTO8GIhsfdLMM5Ohe1D_VNlrLa35rZ8By_1H_bjFvbS4UR0DslQjkza-bjRSdT1bCkTLc6mB', 'ACTIVE', 'USER'),
       (1092, '3d83fy3hn3cw3fp3hn_3cw3fl3i4@gmail.com', '058-5243-0886', '_KfxUfxSb3nb90pfuk1bDCsjoJ9emxnGoVGGHf0gnrUC5cdZoywmRFZWCi4pizGmeC_9h1jGssqNVTmJnjxKeCTPdFQSrJGY3_3z', 'ACTIVE', 'USER'),
       (1093, '3d53fp3d73g23hn.3d53fp3i4@gmail.com', '000-725-9115', 'lJU0kYgFXk6XI-ys9y50xtDJ85GSYa9WyygP8yLwA_PNiDDGnTeIogbkDV8CdqxdkY2_fvx1k5jYQPUy5ymEOJxFqLMzRbyfBPQl', 'ACTIVE', 'USER'),
       (1094, '3d83g53d53fy_3d73g53hn@hanmail.net', '022-013-6352', '591Ac8Tn5NeRnzS0FzGUY2BWuiMzPBHAj0Ko3TdN-Ku9Yh10txlIGoOPN5z3N07s6HT31e90_pMdMp-6h8PLfn2SjrzZ97PYo8j6', 'ACTIVE', 'USER'),
       (1095, '3da3fl3hn3cw3fr3i415@gmail.com', '046-2518-6331', 'H344SpPvijKZ44CCrPwpsKVMypXB9iPkO7RwXQcgEKYQKsFnufZ0bWEmj52HFCcuuKw3vs4kmuEPbV_9bhE3KZ3zvGA5n9GqaufJ', 'ACTIVE', 'USER'),
       (1096, '3d33fr3i43de3g4_3cw3ft3i417@naver.com', '02-53741-4784', 'rtbM1IlLu3f3mHedjhPIw8akOF7tmhEDBjbABGNaaU3VJoijgphDFKqRYX0hEBftZrhTRqEPRrsthIKdtcz459mxo-pGd6ORNukz', 'ACTIVE', 'USER'),
       (1097, '3cw3g33hn3dc3fm7@gmail.com', '00-26413-2828', 'BEEa49NF6e9FouYBfpNRdlv3v3H17XMdqiJqV-raz3Nh5mJ4fIXJk4TsZr5zorbtfC1Rl1Nj4pBicxB2-y2cHD00NIIJUWU9Xafd', 'ACTIVE', 'USER'),
       (1098, '3d53fp3i43cw3g23hn_3cy3fl@yahoo.co.kr', '073-7017-9596', '3cA-Yv3J0fr92Tp-kr2VjdtMy_TajhYNMlJe3oLk9DLSRepOaFE-w0mJPkhTPShTE7kvLNHEzCanEmXry6zyC8BSiCJdS6AJp9pW', 'ACTIVE', 'USER'),
       (1099, '3cw3g53d13fn3i4_3da3fw@naver.com', '001-0805-1462', 'rv5Xw8Fuih7i6aCDwmMc9H_WNVgWX6aX7BucRH2h7zlW6c-YJ1mKyf7R750UWw1Ikn1nsVcTIhOLoPdqtJPekg2LEtZQwMpmIVtJ', 'ACTIVE', 'USER'),
       (1100, '3d73fr3i43de3g1.3d23g53hn98@yahoo.co.kr', '013-331-2787', 'd9zECXGm6RrfjZdF_cwdCvR5UtxLromv-DSeMQOxBGAbnNZu91d-x-KiGDwOGNLFxB0Wupaf51Bf1HyVQW5GZC-doKR4rhUGO4QI', 'ACTIVE', 'USER');

insert into flirting.user_profile (user_id, nickname, company_name, birthdate, gender, sido, sigungu, mbti, preferred_mbti, location, height, body_type, job, smoking, drinking, religion, introduction, dream, love_style, charm, interest, status, created_at, updated_at, deleted_at, avatar_code)
values  (1001, 'asfsdf', '새회사', '1998-10-28', 'MALE', '서울특별시', '동작구', 'ENFJ', 'ENFJ', 0x00000000010100000000000000000000000000000000000000, 167, 'FAT', 'jobjobg', 'IQOS', 'OCCASIONALLY', 'CATHOLIC', 'dddyq욥ㄹㅅㅎㅎㅇㅇㅇㄹㅎㅎㅎㅎㅎㅍㅎㅍㅊㅊ', 'sdfsdfsdfasd', 'hihisssㄹㄹ', '["비율이 좋아요", "카리스마 있어요", "보조개", "표현을 잘해요", "목소리가 좋아요", "두뇌 회전이 빨라요", "긍정적인 에너지를 가지고 있어요", "귀가 좋아요", "로맨틱해요", "창의적인 아이디어가 많아요", "세심한 성격이에요", "아침형 인간이에요", "잠이 많아요", "활동적이에요", "유머 감각이 있어요"]', '["글쓰기", "게임", "운전", "춤", "영화", "꽃", "요가", "패션", "캠핑", "식물", "음악", "운동"]', 'ACTIVE', '2024-01-15 22:55:18', '2024-02-12 15:57:39', null, 'male-Waiter'),
        (1002, 'asfsd', '새회사', '1998-10-28', 'MALE', '서울특별시', '동작구', 'ENFJ', 'ENFJ', 0x00000000010100000000000000000000000000000000000000, 167, 'FAT', 'jobjobg', 'IQOS', 'OCCASIONALLY', 'CATHOLIC', 'dddyq욥ㄹㅅㅎㅎㅇㅇㅇㄹㅎㅎㅎㅎㅎㅍㅎㅍㅊㅊ', 'sdfsdfsdfasd', 'hihisssㄹㄹ', '["비율이 좋아요", "카리스마 있어요", "보조개", "표현을 잘해요", "목소리가 좋아요", "두뇌 회전이 빨라요", "긍정적인 에너지를 가지고 있어요", "귀가 좋아요", "로맨틱해요", "창의적인 아이디어가 많아요", "세심한 성격이에요", "아침형 인간이에요", "잠이 많아요", "활동적이에요", "유머 감각이 있어요"]', '["글쓰기", "게임", "운전", "춤", "영화", "꽃", "요가", "패션", "캠핑", "식물", "음악", "운동"]', 'ACTIVE', '2024-01-15 22:55:18', '2024-02-12 15:57:39', null, 'male-Waiter'),
        (1003, '왕경규', '창하 증권', '1993-03-20', 'MALE', '수성군', '시흥군', 'INFP', 'XNFP', 0x00000000010100000048E17A14AEE730C0CCEEC9C342995340, 167, 'SLIM_MUSCULAR', 'District Web Facilit', 'OFTEN', 'NON_DRINKING', 'WONBUDDHIST', '영장을 또는 재외국민을 사후에 3년 보장하기 일반적으로 저작자·발명가·과학기술자와 의무를 자유를 법률로 국민은 동일한 죄를 무죄로 기능을 조약과 권리는 청구할 사생활의 의무교육은 효력을 필요한 민족문화의 의하여 법률로 있다. 재외국민을 보호를 국내법과.', '진다. 통신·방송의 범하고 아니한다. 비밀과 의무교육은 사항은 범죄에 바에 기능을 청구할 이상의 행위로 노력하여야 승인된 아니하며, 장기 전통문화의 저작자·발명가·과학기술자와 의무를 바에 의무를 영장을 도피 침해받지 수 수 범하고 있다. 저작자·발명가·과학기술자와.', '형사피고인은 침해받지 자유를 아니하며, 범죄에 법률이 민족문화의 비밀과 동일한 범하고 아니한다. 도피 대하여 승인된 염려가 예술가의 행위로 전통문화의 영장을 보호를 확정될 계승·발전과 거듭 모성의 저작자·발명가·과학기술자와 범하고 아니한다. 정한다. 경우와 국제법규는.', '["비율이 좋아요", "카리스마 있어요"]', '["글쓰기", "커피", "게임", "운전", "산", "여행", "독서", "와인", "학문", "춤", "영화", "꽃", "요리", "요가", "패션", "연극", "캠핑", "그림", "운동", "식물", "IT"]', 'ACTIVE', '2024-01-30 17:05:22', '2024-02-03 14:52:41', null, 'male-Waiter'),
        (1005, 'namename', '새회사', '1998-10-28', 'MALE', 'sido', 'sigungu', 'ISTJ', 'ISTJ', 0x00000000010100000000000000000000000000000000000000, 180, 'SKINNY', 'adad', 'NON_SMOKING', 'NON_DRINKING', 'CATHOLIC', null, null, null, '[]', '[]', 'ACTIVE', '2024-01-30 00:36:46', '2024-02-03 14:52:41', null, 'male-Waiter'),
        (1006, '금신희', '한국 석찬', '1997-02-09', 'FEMALE', '분당시', '남시', 'ISTJ', 'XNFJ', 0x00000000010100000003098A1F63C654C01D38674469075540, 182, 'SKINNY', 'Direct Applications ', 'QUIT', 'OFTEN', 'CATHOLIC', '국민은 범죄를 수 3년 보장하기 계승·발전과 보장하기 거듭 형사피고인은 승인된 가진다. 헌법에 무죄로 아니하는 무죄로 신체의 추정된다. 정하는 사생활의 예술가의 같은 신체의 행위로 같은 수 사후에 청구할 동일한 무상으로 수.', '보장하기 헌법에 통신·방송의 정하는 자유를 진다. 신체의 헌법에 보호를 의무를 있다. 확정될 대하여 때까지는 창달에 계승·발전과 사항은 구성하지 모든 아니하는 행위시의 의무교육은 진흥하여야 사생활의 조약과 사항은 무죄로 신체의 법률에 자유를.', '바에 범죄를 계승·발전과 보호할 죄를 보호할 노력하여야 체결·공포된 사항은 헌법에 법률로써 승인된 이상의 창달에 있을 신체의 진다. 신문의 신문의 대하여 바에 증거인멸의 효력을 의하여 아니하며, 아니하며, 바에 창달에 현행범인인 때까지는.', '["예의가 바르게 행동해요", "귀가 좋아요", "로맨틱해요", "표현을 잘해요", "체력이 좋아요", "창의적인 아이디어가 많아요"]', '["글쓰기", "IT", "커피", "식물", "음악", "와인", "독서", "운전", "영화", "그림"]', 'ACTIVE', '2024-01-30 17:06:40', '2024-02-03 14:52:48', null, 'elegant-Black-Hair-Woman'),
        (1007, '길준율', '주식회사 주엽', '2001-03-10', 'FEMALE', '통영시', '고창시', 'ISTP', 'ENFJ', 0x000000000101000000CA54C1A8A4AC61C06519E258174352C0, 180, 'FAT', 'Lead Implementation ', 'IQOS', 'EVERYDAY', 'BUDDHIST', '노력하여야 신문의 형에 범죄를 의무교육은 확정될 범죄를 법률에 다만, 행위로 이상의 기능을 효력을 신문의 평생교육을 추정된다. 민족문화의 또는 헌법에 체결·공포된 국민은 또는 보호한다. 통신·방송의 경우와 때까지는 무죄로 증거인멸의 신문의 일반적으로.', '보호를 기능을 처벌받지 재외국민을 보호한다. 형에 장기 예술가의 평생교육을 행위로 통신·방송의 신체의 권리는 있다. 예술가의 법률로써 때까지는 사항은 권리는 있을 있을 행위로 승인된 소추되지 가진다. 헌법에 모성의 소추되지 보호를 통신·방송의.', '대하여 때에는 수 행위로 창달에 예술가의 아니하며, 유죄의 보호를 장기 구성하지 범죄에 대하여 장기 해당하는 평생교육을 진다. 법률로써 평생교육을 무죄로 같은 일반적으로 정하는 무상으로 구성하지 있다. 정하는 사후에 권리는 보장하기.', '["유머 감각이 있어요", "귀가 좋아요", "목소리가 좋아요", "관찰력이 좋아요"]', '["꽃", "연극", "반려동물"]', 'ACTIVE', '2024-01-30 17:06:40', '2024-02-03 14:52:48', null, 'elegant-Black-Hair-Woman'),
        (1008, '조한주', '한국 종찬', '1979-04-06', 'FEMALE', '부천시', '송파시', 'ENTP', 'ESTJ', 0x000000000101000000A2B437F8C2E665C0C442AD69DEB12CC0, 157, 'SLIM_MUSCULAR', 'Corporate Implementa', 'OFTEN', 'OFTEN', 'CATHOLIC', '가진다. 창달에 아니하며, 이상의 때까지는 유죄의 창달에 때까지는 추정된다. 영장을 저작자·발명가·과학기술자와 법률이 창달에 증거인멸의 행위로 한다. 청구할 법률이 이상의 도피 침해받지 위하여 확정될 정하는 때까지는 국내법과 행위시의 시설기준과 사생활의 권리는.', '거듭 같은 의무를 의무를 아니한다. 때까지는 소추되지 신체의 국민은 조약과 거듭 신문의 3년 청구할 조약과 경우와 경우와 의무교육은 때에는 이상의 정하는 저작자·발명가·과학기술자와 있다. 국민은 국가는 증거인멸의 진다. 형에 재외국민을 구성하지.', '3년 침해받지 재외국민을 효력을 3년 도피 창달에 아니한다. 비밀과 염려가 도피 기능을 사후에 위하여 도피 예술가의 범죄를 승인된 법률에 해당하는 형에 무죄로 법률이 처벌받지 가진다. 다만, 통신·방송의 도피 정하는 있을.', '["예의가 바르게 행동해요", "매력적인 사람이에요", "귀가 좋아요", "표현을 잘해요", "카리스마 있어요", "두뇌 회전이 빨라요", "창의적인 아이디어가 많아요", "긍정적인 에너지를 가지고 있어요", "관찰력이 좋아요", "잠이 많아요", "리더십이 있어요", "보조개", "비율이 좋아요", "세심한 성격이에요", "유머 감각이 있어요", "로맨틱해요", "체력이 좋아요", "선물을 잘 고르는 편이에요", "활동적이에요"]', '["꽃", "산", "운전", "춤", "식물", "글쓰기", "운동", "커피", "게임"]', 'ACTIVE', '2024-01-30 17:06:40', '2024-02-03 14:52:48', null, 'elegant-Black-Hair-Woman'),
        (1009, '안경륜', '한국 신현', '1982-11-16', 'FEMALE', '광주군', '인제군', 'ENFJ', 'INFJ', 0x00000000010100000012A5BDC117B2594039D6C56D34803BC0, 155, 'SKINNY', 'Human Directives Coo', 'IQOS', 'OFTEN', 'CHRISTIAN', '정하는 신문의 의하여 정한다. 장기 해당하는 침해받지 형에 민족문화의 행위로 비밀과 기능을 보호한다. 해당하는 구성하지 창달에 전통문화의 아니하며, 동일한 구성하지 3년 체결·공포된 범죄를 청구할 유죄의 헌법에 의무교육은 사생활의 법률로써 국민은.', '필요한 수 침해받지 저작자·발명가·과학기술자와 있다. 증거인멸의 정한다. 바에 국제법규는 기능을 바에 해당하는 진다. 구성하지 이상의 국내법과 효력을 헌법에 사후에 있을 동일한 장기 국제법규는 의무를 모성의 조약과 권리는 진다. 법률로써 법률로.', '아니하는 때까지는 효력을 법률로써 노력하여야 체결·공포된 법률로 범죄에 판결이 사후에 권리는 바에 수 민족문화의 구성하지 의무교육은 3년 형사피고인은 때까지는 처벌받지 경우와 신문의 법률이 있다. 또는 처벌받지 노력하여야 체결·공포된 영장을 예술가의.', '["예의가 바르게 행동해요"]', '["식물", "캠핑", "독서", "춤", "연극", "여행", "요가", "음악", "게임", "커피", "글쓰기", "영화"]', 'ACTIVE', '2024-01-30 17:06:40', '2024-02-03 14:52:48', null, 'elegant-Black-Hair-Woman'),
        (1010, '승휘담', '주식회사 채혁', '1979-03-26', 'FEMALE', '강화시', '수성군', 'ESTP', 'INTP', 0x00000000010100000096B20C71ACC346C0E63FA4DFBE2E35C0, 155, 'FAT', 'Legacy Accountabilit', 'OCCASIONALLY', 'OCCASIONALLY', 'NONE', '창달에 법률로써 창달에 이상의 의무를 무죄로 일반적으로 형에 장기 아니한다. 평생교육을 국내법과 평생교육을 이상의 법률로 통신·방송의 진흥하여야 무상으로 노력하여야 범죄를 있을 가진다. 염려가 보호한다. 의하여 자유를 창달에 한다. 경우와 진다..', '사후에 무상으로 국민은 필요한 의하여 민족문화의 장기 전통문화의 의무교육은 행위시의 대하여 판결이 위하여 일반적으로 보호한다. 판결이 사생활의 해당하는 헌법에 범죄를 국민은 법률이 국민은 동일한 신문의 동일한 사생활의 가진다. 행위시의 체결·공포된.', '가진다. 아니하며, 때까지는 체결·공포된 정하는 진다. 평생교육을 사생활의 권리는 저작자·발명가·과학기술자와 예술가의 정하는 권리는 시설기준과 통신·방송의 죄를 이상의 한다. 이상의 국제법규는 사생활의 범죄를 권리는 기능을 범하고 시설기준과 추정된다. 경우와 비밀과 법률이.', '["유머 감각이 있어요", "귀가 좋아요", "창의적인 아이디어가 많아요", "두뇌 회전이 빨라요", "활동적이에요", "리더십이 있어요", "긍정적인 에너지를 가지고 있어요", "매력적인 사람이에요", "로맨틱해요", "잠이 많아요", "보조개", "비율이 좋아요", "표현을 잘해요", "관찰력이 좋아요", "목소리가 좋아요", "예의가 바르게 행동해요", "선물을 잘 고르는 편이에요", "세심한 성격이에요", "카리스마 있어요", "체력이 좋아요"]', '["요가"]', 'ACTIVE', '2024-01-30 17:06:40', '2024-02-03 14:52:48', null, 'elegant-Black-Hair-Woman'),
        (1011, '견이영', '상현 그룹', '1979-04-18', 'FEMALE', '군산구', '양양군', 'ISFP', 'XXXX', 0x0000000001010000009BE61DA7E8083FC069006F81044D4EC0, 160, 'SLIM_MUSCULAR', 'Legacy Response Orch', 'NON_SMOKING', 'OFTEN', 'WONBUDDHIST', '사항은 수 또는 동일한 청구할 구성하지 창달에 헌법에 보호한다. 통신·방송의 형에 권리는 정한다. 3년 진흥하여야 보호한다. 신체의 필요한 사항은 거듭 아니한다. 수 침해받지 아니하는 기능을 구성하지 승인된 권리는 범죄에 아니한다..', '같은 신체의 보호할 범하고 해당하는 의무를 소추되지 형에 예술가의 아니하며, 의하여 때까지는 전통문화의 의하여 통신·방송의 범죄를 3년 저작자·발명가·과학기술자와 증거인멸의 같은 형사피고인은 통신·방송의 권리는 진흥하여야 시설기준과 진흥하여야 청구할 유죄의 예술가의 민족문화의.', '신문의 수 아니한다. 사항은 유죄의 시설기준과 있을 헌법에 형사피고인은 침해받지 의하여 침해받지 소추되지 행위로 무죄로 의하여 저작자·발명가·과학기술자와 효력을 이상의 때까지는 국가는 국내법과 소추되지 3년 법률에 이상의 확정될 가진다. 염려가 아니한다..', '["활동적이에요", "유머 감각이 있어요", "로맨틱해요", "귀가 좋아요", "체력이 좋아요", "매력적인 사람이에요", "리더십이 있어요", "카리스마 있어요", "관찰력이 좋아요", "세심한 성격이에요", "보조개", "비율이 좋아요", "두뇌 회전이 빨라요", "잠이 많아요", "예의가 바르게 행동해요", "창의적인 아이디어가 많아요", "선물을 잘 고르는 편이에요"]', '["여행", "패션", "IT", "그림", "요가", "춤", "운전", "반려동물", "음악", "독서", "와인", "꽃"]', 'ACTIVE', '2024-01-30 17:06:40', '2024-02-03 14:52:48', null, 'elegant-Black-Hair-Woman'),
        (1012, '유시율', '주식회사 천희', '2004-08-03', 'MALE', '목포군', '군산구', 'INFP', 'XNFP', 0x000000000101000000840D4FAF94251CC065AA6054522719C0, 159, 'NORMAL', 'Product Directives A', 'E_CIGARETTE', 'EVERYDAY', 'CHRISTIAN', '승인된 소추되지 있을 다만, 승인된 국내법과 체결·공포된 국가는 체결·공포된 통신·방송의 헌법에 청구할 침해받지 판결이 재외국민을 법률에 진흥하여야 때에는 추정된다. 또는 때까지는 기능을 유죄의 같은 사생활의 국제법규는 또는 형사피고인은 계승·발전과 소추되지.', '형사피고인은 형에 형에 거듭 범하고 체결·공포된 법률로써 시설기준과 거듭 아니한다. 확정될 3년 판결이 같은 위하여 동일한 확정될 비밀과 예술가의 의무를 사항은 위하여 수 죄를 승인된 바에 구성하지 시설기준과 국민은 영장을.', '한다. 경우와 수 구성하지 때까지는 범죄에 추정된다. 있다. 평생교육을 3년 아니하는 바에 창달에 사생활의 무죄로 체결·공포된 시설기준과 사생활의 영장을 형에 범죄를 행위시의 아니하며, 또는 또는 한다. 때까지는 또는 창달에 범죄를.', '["선물을 잘 고르는 편이에요", "목소리가 좋아요", "리더십이 있어요", "카리스마 있어요", "잠이 많아요", "체력이 좋아요", "유머 감각이 있어요", "활동적이에요", "두뇌 회전이 빨라요", "세심한 성격이에요", "귀가 좋아요", "로맨틱해요", "예의가 바르게 행동해요", "긍정적인 에너지를 가지고 있어요", "창의적인 아이디어가 많아요", "표현을 잘해요"]', '["춤", "꽃", "운동"]', 'ACTIVE', '2024-01-30 17:06:40', '2024-02-03 14:52:41', null, 'male-Waiter'),
        (1013, '소시찬', '주식회사 승빈', '1989-10-28', 'FEMALE', '부천군', '양산시', 'ENTJ', 'XNTP', 0x00000000010100000026E4839ECD0A33401904560E2DB20340, 168, 'SLIM_MUSCULAR', 'Customer Solutions A', 'E_CIGARETTE', 'EVERYDAY', 'CATHOLIC', '신체의 판결이 영장을 수 보호할 장기 무죄로 법률로써 시설기준과 모성의 통신·방송의 민족문화의 보장하기 수 있을 같은 3년 경우와 형사피고인은 아니한다. 민족문화의 위하여 장기 기능을 범하고 의무를 도피 다만, 사생활의 범하고.', '법률에 위하여 다만, 사항은 증거인멸의 무상으로 아니하며, 창달에 해당하는 국제법규는 법률이 필요한 추정된다. 수 사항은 현행범인인 효력을 의무를 법률에 가진다. 범하고 염려가 같은 모든 사후에 같은 3년 추정된다. 자유를 필요한.', '진다. 수 의무를 평생교육을 해당하는 바에 필요한 추정된다. 위하여 보장하기 경우와 조약과 또는 기능을 한다. 저작자·발명가·과학기술자와 모성의 체결·공포된 청구할 체결·공포된 도피 권리는 모성의 재외국민을 수 영장을 효력을 해당하는 국가는 거듭.', '["로맨틱해요", "매력적인 사람이에요", "두뇌 회전이 빨라요", "비율이 좋아요", "카리스마 있어요", "세심한 성격이에요"]', '["산"]', 'ACTIVE', '2024-01-30 17:06:40', '2024-02-03 14:52:48', null, 'elegant-Black-Hair-Woman'),
        (1014, '안태기', '찬규 전자', '1979-05-28', 'MALE', '속초구', '구리시', 'ISTJ', 'XXXX', 0x00000000010100000096218E75714F66C0C3F5285C8F2E51C0, 153, 'MUSCULAR', 'Legacy Tactics Devel', 'OFTEN', 'OFTEN', 'CHRISTIAN', '사생활의 헌법에 아니하는 예술가의 3년 다만, 범하고 동일한 보호를 국제법규는 신문의 형사피고인은 창달에 의하여 법률로 국내법과 창달에 판결이 무상으로 범하고 통신·방송의 정한다. 예술가의 사후에 비밀과 염려가 죄를 경우와 사항은 가진다..', '판결이 모든 사생활의 국가는 형사피고인은 노력하여야 형사피고인은 이상의 국가는 모든 기능을 아니하는 사항은 이상의 일반적으로 국민은 권리는 해당하는 노력하여야 신체의 거듭 침해받지 같은 무상으로 시설기준과 법률이 때까지는 법률에 해당하는 형에.', '평생교육을 아니하는 진흥하여야 보호를 영장을 또는 계승·발전과 구성하지 영장을 일반적으로 통신·방송의 형사피고인은 진다. 위하여 민족문화의 진흥하여야 기능을 국내법과 사생활의 정하는 무죄로 형에 염려가 국가는 예술가의 유죄의 행위로 진다. 범하고 거듭.', '["표현을 잘해요", "목소리가 좋아요", "긍정적인 에너지를 가지고 있어요", "선물을 잘 고르는 편이에요", "귀가 좋아요", "보조개"]', '["학문", "반려동물", "캠핑", "운전", "글쓰기", "영화", "게임", "산", "음악", "꽃", "패션", "독서", "그림", "여행", "식물", "와인", "운동"]', 'ACTIVE', '2024-01-30 17:06:40', '2024-02-03 14:52:41', null, 'male-Waiter'),
        (1015, '은하선', '오현 게임즈', '1984-03-30', 'MALE', '북군', '속초시', 'INFJ', 'XSTX', 0x0000000001010000000C022B8716914340304CA60A469D41C0, 156, 'FAT', 'Corporate Program Co', 'NON_SMOKING', 'OCCASIONALLY', 'BUDDHIST', '통신·방송의 재외국민을 필요한 추정된다. 보호를 일반적으로 의무를 범죄에 현행범인인 범죄에 법률로써 전통문화의 행위시의 위하여 때까지는 신문의 정하는 노력하여야 대하여 구성하지 수 유죄의 또는 염려가 의무를 구성하지 신문의 소추되지 3년 청구할.', '법률로써 수 3년 확정될 아니한다. 있다. 저작자·발명가·과학기술자와 증거인멸의 국제법규는 사항은 국제법규는 보호를 사후에 보호한다. 때까지는 가진다. 형사피고인은 모성의 해당하는 판결이 모든 효력을 증거인멸의 진다. 계승·발전과 필요한 승인된 권리는 모든 정하는.', '사후에 법률이 동일한 한다. 형에 현행범인인 때에는 보장하기 모든 도피 소추되지 때까지는 권리는 통신·방송의 구성하지 사항은 의무교육은 한다. 법률이 무상으로 국제법규는 계승·발전과 신문의 이상의 계승·발전과 바에 일반적으로 정하는 죄를 아니하며,.', '["목소리가 좋아요", "보조개"]', '["영화", "글쓰기", "식물", "운동", "춤", "게임", "여행", "학문", "요리", "패션", "IT", "연극", "음악", "캠핑", "커피", "와인", "요가"]', 'ACTIVE', '2024-01-30 17:06:40', '2024-02-03 14:52:41', null, 'male-Waiter'),
        (1016, '봉근호', '한국 해건', '2002-05-31', 'FEMALE', '광산구', '부천군', 'INFP', 'ESTP', 0x0000000001010000003D2CD49AE6B16240CE1951DA1B344D40, 178, 'SLIM_MUSCULAR', 'Product Accounts Des', 'E_CIGARETTE', 'OFTEN', 'CHRISTIAN', '시설기준과 소추되지 저작자·발명가·과학기술자와 헌법에 수 보호를 한다. 법률에 비밀과 신문의 처벌받지 때에는 영장을 경우와 전통문화의 법률로써 한다. 아니하는 때에는 사후에 비밀과 전통문화의 필요한 재외국민을 저작자·발명가·과학기술자와 때에는 청구할 의하여 일반적으로 염려가.', '침해받지 비밀과 법률로 거듭 진흥하여야 추정된다. 시설기준과 해당하는 민족문화의 조약과 전통문화의 일반적으로 보호할 승인된 헌법에 정한다. 유죄의 범죄에 승인된 모성의 저작자·발명가·과학기술자와 추정된다. 효력을 추정된다. 사항은 침해받지 승인된 정한다. 이상의 염려가.', '형사피고인은 창달에 통신·방송의 진흥하여야 사생활의 구성하지 신체의 현행범인인 기능을 신체의 자유를 비밀과 헌법에 경우와 판결이 체결·공포된 재외국민을 권리는 한다. 때에는 형사피고인은 때에는 범죄를 구성하지 경우와 신문의 예술가의 사항은 모성의 보호할.', '["목소리가 좋아요", "보조개", "비율이 좋아요", "유머 감각이 있어요", "표현을 잘해요", "예의가 바르게 행동해요", "카리스마 있어요", "관찰력이 좋아요", "잠이 많아요", "활동적이에요", "긍정적인 에너지를 가지고 있어요", "두뇌 회전이 빨라요", "리더십이 있어요", "선물을 잘 고르는 편이에요", "매력적인 사람이에요", "로맨틱해요"]', '["음악", "요가", "운전", "춤", "산", "여행", "독서", "식물", "요리", "IT", "연극", "와인", "꽃", "영화", "패션", "커피", "글쓰기", "게임"]', 'ACTIVE', '2024-01-30 17:06:40', '2024-02-03 14:52:48', null, 'elegant-Black-Hair-Woman'),
        (1017, '권용훈', '한국 민결', '1985-01-01', 'MALE', '안양군', '고성시', 'ISTJ', 'XSTP', 0x00000000010100000013F241CF665151C032E6AE25E47B53C0, 187, 'SKINNY', 'Future Infrastructur', 'IQOS', 'OCCASIONALLY', 'BUDDHIST', '평생교육을 법률이 승인된 법률이 동일한 자유를 대하여 해당하는 행위시의 계승·발전과 현행범인인 동일한 죄를 바에 비밀과 무상으로 예술가의 아니하는 때까지는 증거인멸의 해당하는 자유를 보호를 대하여 민족문화의 동일한 염려가 처벌받지 창달에 의무교육은.', '자유를 해당하는 사생활의 의무를 같은 예술가의 예술가의 무상으로 유죄의 보호한다. 기능을 보호한다. 법률로써 사생활의 판결이 사후에 국민은 아니하며, 있을 행위시의 의무교육은 법률에 침해받지 도피 자유를 3년 때에는 법률에 형에 정하는.', '보호할 효력을 수 소추되지 판결이 증거인멸의 효력을 처벌받지 일반적으로 법률이 아니한다. 국가는 또는 죄를 같은 사후에 3년 정한다. 법률로 의무교육은 의무를 구성하지 유죄의 국가는 죄를 필요한 국내법과 다만, 사생활의 이상의.', '["표현을 잘해요", "잠이 많아요", "보조개", "활동적이에요", "귀가 좋아요", "카리스마 있어요", "로맨틱해요", "유머 감각이 있어요", "목소리가 좋아요"]', '["영화", "커피", "운동", "반려동물", "꽃", "운전", "와인", "음악", "IT"]', 'ACTIVE', '2024-01-30 17:06:40', '2024-02-03 14:52:41', null, 'male-Waiter'),
        (1018, '안재의', '주식회사 수창', '1994-07-29', 'FEMALE', '김천시', '밀양시', 'ENTP', 'ENFP', 0x0000000001010000002575029A08235FC09031772D21B354C0, 187, 'CHUBBY', 'Direct Assurance Str', 'IQOS', 'OCCASIONALLY', 'NONE', '국내법과 국가는 증거인멸의 체결·공포된 추정된다. 다만, 국내법과 형에 3년 효력을 해당하는 예술가의 계승·발전과 범죄에 노력하여야 보호할 범죄를 사후에 판결이 자유를 침해받지 의하여 보장하기 아니하는 시설기준과 보장하기 권리는 모든 사항은 있다..', '비밀과 유죄의 영장을 처벌받지 무죄로 진흥하여야 보호한다. 한다. 진다. 장기 행위로 경우와 동일한 필요한 민족문화의 국내법과 범하고 사항은 국내법과 대하여 진흥하여야 아니하며, 구성하지 이상의 창달에 추정된다. 사생활의 수 범죄에 일반적으로.', '체결·공포된 범죄를 법률로 침해받지 무죄로 염려가 효력을 도피 비밀과 보호를 보장하기 추정된다. 3년 처벌받지 진다. 권리는 거듭 동일한 시설기준과 해당하는 사후에 추정된다. 침해받지 창달에 추정된다. 도피 계승·발전과 사생활의 유죄의 체결·공포된.', '["활동적이에요", "유머 감각이 있어요"]', '["운전", "그림", "여행", "음악", "산", "꽃", "요리", "연극", "운동", "와인", "패션", "글쓰기", "커피", "영화", "캠핑", "게임", "식물", "요가", "IT", "학문"]', 'ACTIVE', '2024-01-30 17:06:40', '2024-02-03 14:52:48', null, 'elegant-Black-Hair-Woman'),
        (1019, '홍서헌', '한국 종욱', '2001-10-02', 'FEMALE', '전주군', '거창시', 'INTJ', 'ISTP', 0x000000000101000000C9E53FA4DF006340AA605452278854C0, 158, 'NORMAL', 'Product Division Pla', 'OFTEN', 'EVERYDAY', 'NONE', '있다. 계승·발전과 신문의 범죄를 보호를 노력하여야 무죄로 처벌받지 승인된 필요한 확정될 현행범인인 해당하는 모든 한다. 창달에 국민은 소추되지 정한다. 의무교육은 의하여 추정된다. 수 이상의 효력을 수 승인된 있을 의하여 바에.', '시설기준과 추정된다. 아니한다. 대하여 소추되지 진다. 법률이 법률이 수 범죄를 재외국민을 범죄를 같은 대하여 저작자·발명가·과학기술자와 침해받지 국내법과 구성하지 바에 평생교육을 있다. 수 기능을 아니한다. 무죄로 있다. 시설기준과 처벌받지 창달에 영장을.', '대하여 침해받지 민족문화의 판결이 또는 법률이 침해받지 때에는 염려가 신체의 범죄를 기능을 신문의 국제법규는 형사피고인은 있을 또는 권리는 예술가의 법률이 일반적으로 유죄의 기능을 범죄를 보호를 국민은 장기 예술가의 형에 저작자·발명가·과학기술자와.', '["로맨틱해요", "귀가 좋아요", "유머 감각이 있어요", "잠이 많아요", "카리스마 있어요", "두뇌 회전이 빨라요", "체력이 좋아요", "창의적인 아이디어가 많아요", "보조개", "선물을 잘 고르는 편이에요", "활동적이에요", "매력적인 사람이에요", "리더십이 있어요", "비율이 좋아요", "목소리가 좋아요", "관찰력이 좋아요", "긍정적인 에너지를 가지고 있어요", "세심한 성격이에요"]', '["음악", "그림", "요가", "독서", "커피", "학문", "패션", "IT", "캠핑", "산", "춤", "운동", "꽃", "글쓰기", "와인", "게임", "여행", "요리"]', 'ACTIVE', '2024-01-30 17:06:40', '2024-02-03 14:52:48', null, 'elegant-Black-Hair-Woman'),
        (1020, '사희담', '진오 그룹', '1996-12-17', 'MALE', '광산시', '안양시', 'ESFJ', 'XNFJ', 0x0000000001010000008CDB68006FD151C0A167B3EA73C53940, 178, 'CHUBBY', 'Principal Integratio', 'NON_SMOKING', 'NON_DRINKING', 'CHRISTIAN', '정하는 예술가의 헌법에 침해받지 영장을 민족문화의 승인된 조약과 계승·발전과 거듭 법률이 때까지는 동일한 있다. 증거인멸의 자유를 법률이 승인된 또는 노력하여야 아니하며, 도피 무죄로 효력을 평생교육을 때까지는 승인된 같은 확정될 청구할.', '장기 국가는 의무를 전통문화의 무상으로 행위시의 전통문화의 범하고 국가는 창달에 무죄로 정하는 자유를 한다. 국내법과 의무를 아니하며, 죄를 자유를 통신·방송의 경우와 한다. 보호한다. 다만, 경우와 전통문화의 재외국민을 사항은 보호할 비밀과.', '사항은 유죄의 조약과 바에 효력을 같은 사후에 승인된 의무교육은 유죄의 아니한다. 해당하는 법률이 무죄로 도피 유죄의 무상으로 모든 의무교육은 창달에 아니한다. 보호를 법률로써 때까지는 때에는 동일한 가진다. 또는 때에는 3년.', '["두뇌 회전이 빨라요", "체력이 좋아요", "귀가 좋아요", "창의적인 아이디어가 많아요", "목소리가 좋아요", "비율이 좋아요", "카리스마 있어요", "표현을 잘해요", "잠이 많아요", "긍정적인 에너지를 가지고 있어요", "리더십이 있어요"]', '["운전", "산", "꽃", "패션", "캠핑", "글쓰기", "음악", "그림", "요리", "영화", "춤", "독서", "운동", "여행", "게임"]', 'ACTIVE', '2024-01-30 17:06:40', '2024-02-03 14:52:41', null, 'male-Waiter'),
        (1021, '김근호', '한국 수빈', '2005-09-11', 'MALE', '광주군', '양양구', 'ESTJ', 'INTJ', 0x000000000101000000151DC9E53F4C4840865AD3BCE3044840, 154, 'CHUBBY', 'Senior Applications ', 'OFTEN', 'NON_DRINKING', 'OTHER', '청구할 구성하지 의하여 일반적으로 장기 법률로써 현행범인인 자유를 무죄로 범죄를 정하는 의하여 거듭 형사피고인은 국제법규는 청구할 도피 아니하며, 의무를 필요한 보호한다. 모든 가진다. 법률에 통신·방송의 이상의 진다. 효력을 침해받지 염려가.', '국제법규는 범죄를 범죄에 정하는 침해받지 신문의 또는 때까지는 무죄로 아니한다. 재외국민을 일반적으로 범죄에 처벌받지 범죄를 경우와 아니한다. 때에는 의하여 계승·발전과 처벌받지 범죄를 때에는 추정된다. 때까지는 바에 형사피고인은 동일한 증거인멸의 영장을.', '의하여 사후에 소추되지 거듭 또는 저작자·발명가·과학기술자와 법률이 가진다. 한다. 아니하며, 위하여 평생교육을 장기 형에 일반적으로 모든 죄를 체결·공포된 때에는 법률이 같은 법률로 구성하지 모든 법률이 이상의 형사피고인은 모성의 권리는 아니한다..', '["유머 감각이 있어요", "창의적인 아이디어가 많아요", "리더십이 있어요", "매력적인 사람이에요", "체력이 좋아요", "로맨틱해요"]', '["반려동물"]', 'ACTIVE', '2024-01-30 17:06:40', '2024-02-03 14:52:41', null, 'male-Waiter'),
        (1022, '현기택', '희우 전자', '1984-02-03', 'MALE', '송파시', '구미구', 'ENTJ', 'ESFP', 0x0000000001010000009B559FABADF451C0B7D100DE02F14BC0, 163, 'CHUBBY', 'Lead Assurance Techn', 'OCCASIONALLY', 'OFTEN', 'BUDDHIST', '구성하지 진흥하여야 범죄를 의무를 사후에 의하여 진흥하여야 해당하는 국내법과 법률에 같은 전통문화의 국가는 형에 기능을 보호를 3년 사항은 계승·발전과 구성하지 범죄에 증거인멸의 수 권리는 형사피고인은 정하는 신문의 시설기준과 사후에 무상으로.', '권리는 형사피고인은 예술가의 때에는 보호한다. 재외국민을 신문의 행위로 진다. 때에는 헌법에 보장하기 평생교육을 아니하며, 민족문화의 국민은 청구할 통신·방송의 다만, 위하여 의하여 사후에 아니한다. 행위시의 사항은 청구할 도피 신체의 가진다. 신체의.', '저작자·발명가·과학기술자와 자유를 범죄를 체결·공포된 확정될 기능을 신체의 신문의 권리는 사후에 아니하며, 사후에 모성의 사후에 모성의 의무를 증거인멸의 구성하지 확정될 통신·방송의 판결이 법률이 저작자·발명가·과학기술자와 해당하는 의하여 저작자·발명가·과학기술자와 염려가 영장을 침해받지 3년.', '["두뇌 회전이 빨라요", "잠이 많아요", "긍정적인 에너지를 가지고 있어요", "예의가 바르게 행동해요", "표현을 잘해요", "선물을 잘 고르는 편이에요"]', '["식물", "그림", "요가", "운전", "산", "독서", "음악", "꽃", "게임", "연극", "캠핑", "운동", "춤", "여행", "요리", "반려동물", "IT", "패션", "영화", "글쓰기", "커피", "와인", "학문"]', 'ACTIVE', '2024-01-30 17:06:40', '2024-02-03 14:52:41', null, 'male-Waiter'),
        (1023, '목제성', '한국 해원', '1988-02-19', 'FEMALE', '양양시', '군산구', 'ESTP', 'INTJ', 0x000000000101000000E63FA4DFBEF65B40787AA52C436445C0, 151, 'MUSCULAR', 'Corporate Directives', 'QUIT', 'NON_DRINKING', 'OTHER', '법률로 다만, 전통문화의 진흥하여야 정하는 구성하지 보호한다. 판결이 처벌받지 국내법과 가진다. 의무를 사생활의 법률에 법률로써 의하여 행위시의 사항은 자유를 가진다. 기능을 신체의 시설기준과 죄를 때에는 노력하여야 법률로 때까지는 행위로 법률이.', '3년 아니한다. 진다. 사후에 죄를 아니하며, 한다. 대하여 모성의 청구할 의무교육은 형사피고인은 법률이 같은 국민은 국내법과 국내법과 계승·발전과 추정된다. 이상의 이상의 정하는 또는 거듭 국가는 법률로써 신문의 통신·방송의 아니하는 형에.', '거듭 이상의 의무교육은 청구할 도피 사항은 또는 시설기준과 재외국민을 노력하여야 보호할 가진다. 평생교육을 신문의 때까지는 소추되지 의무를 거듭 때에는 모성의 필요한 추정된다. 영장을 행위로 판결이 체결·공포된 모성의 효력을 다만, 국민은.', '["귀가 좋아요", "활동적이에요", "리더십이 있어요", "보조개", "관찰력이 좋아요", "표현을 잘해요", "창의적인 아이디어가 많아요", "유머 감각이 있어요", "카리스마 있어요", "세심한 성격이에요", "체력이 좋아요", "예의가 바르게 행동해요", "매력적인 사람이에요", "두뇌 회전이 빨라요"]', '["요리", "식물", "와인", "독서", "춤", "요가", "운전", "연극", "산", "그림", "음악"]', 'ACTIVE', '2024-01-30 17:06:40', '2024-02-03 14:52:48', null, 'elegant-Black-Hair-Woman'),
        (1024, '임현이', '주식회사 한결', '1984-10-03', 'MALE', '전주군', '거창구', 'INTJ', 'ESFJ', 0x000000000101000000AC8BDB6800575340F697DD93871D43C0, 165, 'SKINNY', 'Lead Division Techni', 'OCCASIONALLY', 'EVERYDAY', 'BUDDHIST', '보호한다. 증거인멸의 노력하여야 사생활의 모든 사생활의 법률로 사후에 침해받지 자유를 유죄의 한다. 무죄로 아니하는 예술가의 수 노력하여야 처벌받지 죄를 행위시의 정하는 수 민족문화의 있다. 의무교육은 법률로써 거듭 소추되지 신문의 또는.', '동일한 유죄의 가진다. 체결·공포된 영장을 계승·발전과 아니한다. 유죄의 노력하여야 전통문화의 민족문화의 보호를 보호할 창달에 의무교육은 다만, 정한다. 보호한다. 또는 보호할 사생활의 법률로 저작자·발명가·과학기술자와 의무교육은 바에 행위시의 아니하는 대하여 범죄에 민족문화의.', '구성하지 의무교육은 염려가 창달에 범죄에 청구할 보장하기 유죄의 현행범인인 정한다. 도피 가진다. 한다. 의하여 국가는 법률로 헌법에 효력을 조약과 다만, 법률이 영장을 있다. 시설기준과 의무를 같은 유죄의 저작자·발명가·과학기술자와 조약과 유죄의.', '["잠이 많아요", "표현을 잘해요", "보조개", "두뇌 회전이 빨라요", "매력적인 사람이에요", "세심한 성격이에요", "활동적이에요", "예의가 바르게 행동해요", "비율이 좋아요", "창의적인 아이디어가 많아요", "로맨틱해요", "긍정적인 에너지를 가지고 있어요", "목소리가 좋아요", "귀가 좋아요", "체력이 좋아요", "선물을 잘 고르는 편이에요", "카리스마 있어요"]', '["커피", "요가", "식물", "IT", "캠핑", "꽃", "학문", "반려동물"]', 'ACTIVE', '2024-01-30 17:06:40', '2024-02-03 14:52:41', null, 'male-Waiter'),
        (1025, '봉선재', '주식회사 재익', '1978-02-13', 'MALE', '강릉시', '영주시', 'ENTP', 'XNFP', 0x000000000101000000BC96900F7A7864407E8CB96B090550C0, 153, 'MUSCULAR', 'Global Accounts Supe', 'OFTEN', 'EVERYDAY', 'CHRISTIAN', '때까지는 형사피고인은 효력을 신문의 유죄의 청구할 증거인멸의 국가는 모성의 있을 행위시의 있다. 확정될 국민은 조약과 진흥하여야 동일한 승인된 있을 추정된다. 이상의 사생활의 법률로 진흥하여야 위하여 형사피고인은 시설기준과 비밀과 필요한 국제법규는.', '계승·발전과 보호한다. 형사피고인은 거듭 소추되지 일반적으로 유죄의 거듭 진흥하여야 저작자·발명가·과학기술자와 무상으로 보호를 경우와 추정된다. 체결·공포된 증거인멸의 가진다. 구성하지 사항은 법률로써 모성의 의무를 형에 국내법과 판결이 국민은 일반적으로 거듭 예술가의 대하여.', '사후에 바에 있을 확정될 정한다. 법률로써 형사피고인은 위하여 행위로 증거인멸의 증거인멸의 헌법에 무죄로 법률로 한다. 사후에 한다. 국민은 법률로 또는 국제법규는 구성하지 바에 국제법규는 다만, 추정된다. 거듭 보장하기 장기 거듭.', '["로맨틱해요", "카리스마 있어요", "두뇌 회전이 빨라요", "유머 감각이 있어요", "관찰력이 좋아요", "예의가 바르게 행동해요", "매력적인 사람이에요", "세심한 성격이에요", "비율이 좋아요", "귀가 좋아요", "표현을 잘해요", "체력이 좋아요"]', '["패션", "음악", "영화", "커피", "요리", "산", "그림", "운전", "캠핑", "반려동물", "운동", "와인", "학문", "꽃", "IT", "글쓰기"]', 'ACTIVE', '2024-01-30 17:06:40', '2024-02-03 14:52:41', null, 'male-Waiter'),
        (1026, '나영성', '리온 전자', '1985-11-13', 'MALE', '송파구', '광주구', 'ESTP', 'XNTJ', 0x000000000101000000AA60545227105EC0910F7A36AB8E54C0, 190, 'FAT', 'Investor Functionali', 'E_CIGARETTE', 'OFTEN', 'BUDDHIST', '법률로써 헌법에 조약과 수 위하여 진흥하여야 한다. 추정된다. 현행범인인 체결·공포된 체결·공포된 유죄의 확정될 비밀과 때까지는 기능을 의하여 법률로 창달에 소추되지 국제법규는 보호한다. 가진다. 같은 보호를 형사피고인은 모성의 추정된다. 3년 사항은.', '처벌받지 다만, 형사피고인은 유죄의 범하고 염려가 같은 모든 전통문화의 보호할 법률에 가진다. 가진다. 같은 예술가의 진다. 무죄로 무죄로 행위시의 보호할 예술가의 진다. 저작자·발명가·과학기술자와 처벌받지 소추되지 체결·공포된 승인된 보호할 전통문화의 죄를.', '법률에 행위로 효력을 이상의 아니한다. 진다. 계승·발전과 모성의 사생활의 경우와 체결·공포된 바에 보호를 위하여 사항은 정하는 형에 법률이 국가는 증거인멸의 저작자·발명가·과학기술자와 구성하지 형에 바에 때까지는 조약과 저작자·발명가·과학기술자와 민족문화의 자유를 형사피고인은.', '["유머 감각이 있어요"]', '["요가", "캠핑", "반려동물", "커피", "연극", "음악", "와인", "글쓰기", "독서", "춤", "IT", "운전", "패션", "식물", "꽃", "운동", "요리", "여행", "게임", "영화", "그림"]', 'ACTIVE', '2024-01-30 17:06:40', '2024-02-03 14:52:41', null, 'male-Waiter'),
        (1027, '이인교', '한국 에반', '2005-02-23', 'MALE', '부평구', '시흥군', 'INFJ', 'ENTJ', 0x000000000101000000A835CD3B4EF155C0F5B9DA8AFD554340, 159, 'SLIM_MUSCULAR', 'District Solutions D', 'E_CIGARETTE', 'OFTEN', 'WONBUDDHIST', '범하고 확정될 처벌받지 염려가 노력하여야 증거인멸의 장기 사항은 사항은 사생활의 보호할 저작자·발명가·과학기술자와 확정될 보호할 형에 저작자·발명가·과학기술자와 의하여 위하여 헌법에 보호할 신체의 승인된 가진다. 아니한다. 진흥하여야 확정될 행위로 다만, 장기 범죄에.', '전통문화의 창달에 형사피고인은 모든 가진다. 거듭 아니한다. 경우와 염려가 있다. 아니하는 모성의 조약과 범하고 의무를 진다. 구성하지 무상으로 사생활의 국민은 3년 있을 기능을 비밀과 모든 확정될 현행범인인 있다. 때까지는 승인된.', '기능을 효력을 기능을 있다. 대하여 때에는 아니하며, 형에 사생활의 비밀과 통신·방송의 자유를 계승·발전과 가진다. 유죄의 정하는 국제법규는 국가는 장기 법률로써 청구할 한다. 바에 재외국민을 범죄를 사후에 아니한다. 범죄를 법률이 장기.', '["예의가 바르게 행동해요", "매력적인 사람이에요", "두뇌 회전이 빨라요", "로맨틱해요", "활동적이에요", "창의적인 아이디어가 많아요", "보조개", "비율이 좋아요", "체력이 좋아요", "리더십이 있어요", "카리스마 있어요", "귀가 좋아요", "세심한 성격이에요"]', '["IT", "식물", "그림", "반려동물", "음악", "영화", "연극", "글쓰기", "학문", "여행", "독서", "게임", "산", "춤", "운전", "와인", "커피", "꽃", "캠핑", "요리", "운동"]', 'ACTIVE', '2024-01-30 17:06:40', '2024-02-03 14:52:41', null, 'male-Waiter'),
        (1028, '길재휘', '관유 연구소', '1983-12-09', 'MALE', '시흥구', '속초구', 'ISFP', 'XSFP', 0x000000000101000000D8817346942A56C0BC0512143FD63540, 168, 'FAT', 'Customer Marketing E', 'OFTEN', 'EVERYDAY', 'OTHER', '판결이 죄를 현행범인인 3년 기능을 의하여 체결·공포된 무상으로 장기 도피 범죄에 죄를 국가는 재외국민을 범하고 일반적으로 국민은 시설기준과 보장하기 대하여 저작자·발명가·과학기술자와 장기 판결이 처벌받지 의하여 정한다. 정한다. 의무교육은 염려가 무죄로.', '승인된 거듭 사생활의 국제법규는 국가는 사항은 신문의 승인된 소추되지 범죄에 법률에 수 헌법에 헌법에 같은 통신·방송의 국민은 다만, 권리는 염려가 3년 염려가 보호할 무죄로 창달에 평생교육을 아니한다. 국내법과 보호할 아니하며,.', '형사피고인은 보장하기 예술가의 국제법규는 진다. 해당하는 있을 신문의 보장하기 보장하기 구성하지 범죄를 체결·공포된 침해받지 처벌받지 저작자·발명가·과학기술자와 사항은 현행범인인 국가는 국가는 이상의 범하고 진흥하여야 3년 수 아니하는 국제법규는 의하여 처벌받지 저작자·발명가·과학기술자와.', '["리더십이 있어요", "창의적인 아이디어가 많아요", "유머 감각이 있어요", "카리스마 있어요", "매력적인 사람이에요", "귀가 좋아요", "긍정적인 에너지를 가지고 있어요", "세심한 성격이에요", "목소리가 좋아요", "두뇌 회전이 빨라요", "잠이 많아요", "비율이 좋아요", "활동적이에요"]', '["춤", "독서", "반려동물"]', 'ACTIVE', '2024-01-30 17:06:40', '2024-02-03 14:52:41', null, 'male-Waiter'),
        (1029, '추솔빈', '성식 공사', '1992-02-03', 'MALE', '용산구', '남원시', 'ISTJ', 'XSTX', 0x00000000010100000009F9A067B3F254402AA913D044582FC0, 174, 'MUSCULAR', 'Direct Accountabilit', 'QUIT', 'EVERYDAY', 'BUDDHIST', '이상의 법률이 효력을 전통문화의 법률로 보호를 재외국민을 도피 추정된다. 있다. 무상으로 확정될 민족문화의 위하여 국가는 국민은 민족문화의 신체의 법률로 정한다. 청구할 법률이 보호할 범하고 보호를 범하고 경우와 신문의 범하고 법률로써.', '통신·방송의 증거인멸의 있을 창달에 국제법규는 범하고 시설기준과 승인된 증거인멸의 자유를 유죄의 기능을 거듭 동일한 체결·공포된 무상으로 추정된다. 바에 신문의 보장하기 있다. 저작자·발명가·과학기술자와 동일한 추정된다. 자유를 기능을 장기 신문의 전통문화의 행위시의.', '비밀과 전통문화의 유죄의 일반적으로 사생활의 정한다. 때까지는 기능을 국민은 조약과 유죄의 무죄로 법률이 추정된다. 저작자·발명가·과학기술자와 구성하지 염려가 추정된다. 진흥하여야 영장을 사후에 보호할 행위시의 법률로 법률로써 한다. 예술가의 형사피고인은 국민은 국가는.', '["유머 감각이 있어요", "활동적이에요", "귀가 좋아요", "세심한 성격이에요", "보조개", "예의가 바르게 행동해요", "비율이 좋아요", "로맨틱해요"]', '["연극", "음악", "글쓰기", "그림", "패션", "캠핑", "식물", "요리", "운동", "학문", "운전", "IT", "독서", "영화", "요가", "꽃", "게임", "반려동물", "여행", "산", "춤", "와인"]', 'ACTIVE', '2024-01-30 17:06:40', '2024-02-03 14:52:41', null, 'male-Waiter'),
        (1030, '태상운', '창영 그룹', '1999-01-03', 'FEMALE', '인제구', '김천시', 'ENTJ', 'XSFJ', 0x000000000101000000A323B9FC874666C00000000000202AC0, 189, 'MUSCULAR', 'Product Infrastructu', 'E_CIGARETTE', 'EVERYDAY', 'CATHOLIC', '국민은 범하고 있다. 처벌받지 효력을 모든 같은 의무를 범하고 유죄의 무죄로 대하여 경우와 권리는 무죄로 가진다. 시설기준과 조약과 동일한 확정될 보호한다. 사생활의 필요한 동일한 의무를 계승·발전과 있을 국제법규는 또는 정하는.', '기능을 무죄로 법률에 청구할 소추되지 때에는 때까지는 있다. 범하고 법률로써 모든 죄를 확정될 한다. 있다. 경우와 자유를 모성의 아니한다. 사후에 예술가의 다만, 일반적으로 아니하는 의하여 평생교육을 처벌받지 경우와 있을 국민은.', '조약과 의하여 저작자·발명가·과학기술자와 형에 다만, 행위로 청구할 노력하여야 해당하는 같은 동일한 경우와 대하여 증거인멸의 영장을 진다. 예술가의 진다. 자유를 신문의 무죄로 죄를 계승·발전과 처벌받지 기능을 민족문화의 평생교육을 한다. 범죄를 같은.', '["긍정적인 에너지를 가지고 있어요", "유머 감각이 있어요", "관찰력이 좋아요", "예의가 바르게 행동해요", "로맨틱해요", "선물을 잘 고르는 편이에요", "잠이 많아요", "활동적이에요", "두뇌 회전이 빨라요", "표현을 잘해요", "목소리가 좋아요", "보조개", "매력적인 사람이에요", "귀가 좋아요", "세심한 성격이에요", "비율이 좋아요", "창의적인 아이디어가 많아요"]', '["산"]', 'BLOCKED', '2024-01-30 17:06:40', '2024-02-03 14:52:48', null, 'elegant-Black-Hair-Woman'),
        (1031, '남원영', '주식회사 승인', '1983-11-15', 'MALE', '안양시', '거창군', 'INTJ', 'XSTX', 0x000000000101000000E3C798BB967057C0ACADD85F761F4E40, 190, 'SKINNY', 'Global Directives As', 'IQOS', 'OCCASIONALLY', 'WONBUDDHIST', '가진다. 처벌받지 조약과 효력을 형사피고인은 창달에 비밀과 구성하지 침해받지 법률로 신체의 법률로써 구성하지 해당하는 판결이 아니한다. 청구할 도피 유죄의 다만, 범죄를 또는 3년 국제법규는 거듭 시설기준과 3년 예술가의 해당하는 의무를.', '아니하는 대하여 처벌받지 예술가의 보호할 필요한 위하여 법률로써 예술가의 다만, 바에 행위로 조약과 법률로써 증거인멸의 보호할 진흥하여야 평생교육을 영장을 해당하는 죄를 모성의 무상으로 같은 보장하기 평생교육을 조약과 법률로써 의무를 기능을.', '3년 무상으로 있다. 필요한 구성하지 진흥하여야 행위로 동일한 법률이 행위로 모든 있을 계승·발전과 형사피고인은 법률에 진흥하여야 때까지는 비밀과 아니하며, 무죄로 형에 법률로 국제법규는 범죄를 정하는 침해받지 필요한 죄를 국제법규는 처벌받지.', '["긍정적인 에너지를 가지고 있어요", "유머 감각이 있어요", "세심한 성격이에요", "표현을 잘해요", "귀가 좋아요"]', '["영화", "연극", "식물", "산", "패션", "와인", "독서", "그림", "음악", "요가", "운전", "춤", "꽃", "글쓰기", "게임", "요리", "IT"]', 'ACTIVE', '2024-01-30 17:06:40', '2024-02-03 14:52:41', null, 'male-Waiter'),
        (1032, '온정혁', '한국 강민', '1987-10-14', 'FEMALE', '창원구', '강화구', 'ENFJ', 'XXXX', 0x0000000001010000006C787AA52CC306C014D044D8F0D453C0, 157, 'SKINNY', 'Lead Infrastructure ', 'NON_SMOKING', 'OCCASIONALLY', 'BUDDHIST', '있을 진다. 행위로 의무를 아니하는 사생활의 아니하는 사후에 죄를 모성의 경우와 모든 진다. 도피 창달에 진다. 효력을 있다. 보장하기 법률로써 저작자·발명가·과학기술자와 청구할 기능을 노력하여야 죄를 범죄에 승인된 죄를 시설기준과 효력을.', '수 추정된다. 보장하기 보호를 전통문화의 재외국민을 전통문화의 모성의 법률로써 무상으로 의하여 3년 아니한다. 동일한 같은 범죄에 다만, 비밀과 다만, 수 다만, 죄를 죄를 자유를 있다. 국가는 헌법에 확정될 보호를 국제법규는.', '경우와 체결·공포된 행위로 죄를 형사피고인은 창달에 의무교육은 때까지는 대하여 체결·공포된 국가는 범죄에 해당하는 신체의 기능을 같은 보호한다. 염려가 처벌받지 국제법규는 해당하는 추정된다. 현행범인인 민족문화의 재외국민을 비밀과 구성하지 정하는 창달에 국제법규는.', '["목소리가 좋아요", "창의적인 아이디어가 많아요", "카리스마 있어요", "세심한 성격이에요", "표현을 잘해요", "귀가 좋아요", "활동적이에요", "매력적인 사람이에요", "관찰력이 좋아요", "긍정적인 에너지를 가지고 있어요", "체력이 좋아요", "선물을 잘 고르는 편이에요", "보조개", "잠이 많아요", "리더십이 있어요", "로맨틱해요", "두뇌 회전이 빨라요", "비율이 좋아요", "예의가 바르게 행동해요", "유머 감각이 있어요"]', '["여행", "독서", "요리", "와인", "그림", "산", "글쓰기", "커피", "요가", "캠핑", "춤", "게임", "패션", "학문", "꽃", "연극", "IT", "음악", "반려동물"]', 'ACTIVE', '2024-01-30 17:06:40', '2024-02-03 14:52:48', null, 'elegant-Black-Hair-Woman'),
        (1033, '소인규', '무혁 전자', '2004-05-09', 'FEMALE', '분당구', '부천시', 'ENFP', 'INTJ', 0x000000000101000000E63FA4DFBE8E0640BE30992A18B536C0, 167, 'FAT', 'Senior Response Plan', 'OCCASIONALLY', 'NON_DRINKING', 'OTHER', '법률로 해당하는 범하고 행위시의 평생교육을 보호를 계승·발전과 대하여 가진다. 때에는 정한다. 처벌받지 도피 또는 법률로 국민은 사후에 국민은 아니하는 정한다. 자유를 처벌받지 진다. 구성하지 침해받지 권리는 장기 때에는 있을 창달에.', '저작자·발명가·과학기술자와 창달에 아니하는 의무교육은 의무를 법률로 체결·공포된 위하여 일반적으로 재외국민을 보장하기 진다. 사생활의 국민은 법률에 의하여 거듭 의무를 유죄의 범하고 행위시의 염려가 영장을 추정된다. 무상으로 권리는 동일한 아니하는 체결·공포된 사후에.', '저작자·발명가·과학기술자와 사항은 한다. 국가는 위하여 형에 위하여 보호를 무죄로 사생활의 염려가 수 무죄로 체결·공포된 때까지는 경우와 사항은 전통문화의 의하여 사생활의 헌법에 사후에 염려가 노력하여야 재외국민을 보호한다. 보장하기 보호할 법률로 모든.', '["관찰력이 좋아요", "카리스마 있어요", "선물을 잘 고르는 편이에요", "두뇌 회전이 빨라요", "보조개", "활동적이에요", "표현을 잘해요", "목소리가 좋아요"]', '["패션", "요리", "글쓰기", "커피", "그림", "여행", "와인", "산", "음악", "학문", "운전"]', 'ACTIVE', '2024-01-30 17:06:40', '2024-02-03 14:52:48', null, 'elegant-Black-Hair-Woman'),
        (1034, '천백찬', '상준 연구소', '1986-05-10', 'FEMALE', '안양구', '강화시', 'ISFJ', 'ISTP', 0x00000000010100000034A2B437F81063403F575BB1BF4C3940, 185, 'CHUBBY', 'Central Tactics Asso', 'E_CIGARETTE', 'NON_DRINKING', 'OTHER', '또는 행위시의 국내법과 재외국민을 영장을 아니하는 구성하지 청구할 위하여 노력하여야 한다. 조약과 무상으로 예술가의 법률로써 해당하는 도피 죄를 바에 예술가의 정하는 아니하며, 법률로써 이상의 염려가 아니하는 구성하지 장기 장기 보호할.', '아니한다. 청구할 저작자·발명가·과학기술자와 다만, 승인된 죄를 때에는 죄를 청구할 대하여 추정된다. 시설기준과 무죄로 동일한 형에 염려가 3년 국가는 무죄로 형에 때까지는 필요한 모든 행위로 행위로 보호를 이상의 염려가 바에 3년.', '승인된 저작자·발명가·과학기술자와 권리는 때까지는 효력을 법률로 조약과 시설기준과 권리는 의무를 필요한 노력하여야 처벌받지 또는 때에는 효력을 무죄로 진다. 효력을 또는 체결·공포된 한다. 재외국민을 진다. 법률로 청구할 장기 비밀과 법률이 효력을.', '["관찰력이 좋아요", "로맨틱해요", "표현을 잘해요"]', '["캠핑", "꽃", "여행"]', 'ACTIVE', '2024-01-30 17:06:40', '2024-02-03 14:52:48', null, 'elegant-Black-Hair-Woman'),
        (1035, '양경률', '주식회사 효성', '1978-09-23', 'FEMALE', '광산군', '시흥구', 'INFP', 'XNTP', 0x000000000101000000C2172653050F50402C6519E2585B5140, 164, 'SKINNY', 'District Optimizatio', 'OFTEN', 'OFTEN', 'CATHOLIC', '진다. 같은 대하여 의무교육은 필요한 헌법에 필요한 구성하지 도피 있다. 보호할 권리는 보호한다. 때까지는 수 국가는 아니한다. 노력하여야 대하여 아니하며, 침해받지 다만, 다만, 시설기준과 현행범인인 보장하기 무상으로 죄를 진다. 진다..', '시설기준과 형사피고인은 진다. 의무를 저작자·발명가·과학기술자와 동일한 필요한 판결이 도피 3년 민족문화의 경우와 정하는 법률에 비밀과 헌법에 일반적으로 구성하지 수 예술가의 승인된 범하고 국민은 모성의 신문의 아니하는 계승·발전과 의하여 국민은 평생교육을.', '기능을 필요한 이상의 가진다. 평생교육을 보장하기 재외국민을 국민은 진다. 수 염려가 침해받지 보장하기 가진다. 장기 구성하지 계승·발전과 필요한 체결·공포된 이상의 모성의 헌법에 일반적으로 조약과 재외국민을 대하여 수 소추되지 의무교육은 바에.', '["카리스마 있어요", "창의적인 아이디어가 많아요", "긍정적인 에너지를 가지고 있어요", "체력이 좋아요", "유머 감각이 있어요", "리더십이 있어요", "잠이 많아요", "선물을 잘 고르는 편이에요"]', '["꽃", "운동", "영화", "패션", "여행", "반려동물", "산"]', 'ACTIVE', '2024-01-30 17:06:40', '2024-02-03 14:52:48', null, 'elegant-Black-Hair-Woman'),
        (1036, '전현학', '민우 연구소', '2003-11-15', 'MALE', '강화군', '김천시', 'ENTJ', 'ENFJ', 0x0000000001010000003CBD529621D661C02E90A0F831262DC0, 153, 'SKINNY', 'International Respon', 'QUIT', 'OCCASIONALLY', 'WONBUDDHIST', '해당하는 정한다. 민족문화의 장기 대하여 법률에 소추되지 거듭 전통문화의 예술가의 영장을 국민은 모든 한다. 거듭 염려가 같은 현행범인인 장기 의하여 헌법에 처벌받지 처벌받지 창달에 예술가의 국내법과 경우와 형에 처벌받지 조약과.', '정한다. 유죄의 자유를 판결이 대하여 염려가 청구할 노력하여야 국민은 동일한 행위시의 행위시의 평생교육을 체결·공포된 보호를 국제법규는 범하고 있다. 모성의 범죄에 의하여 죄를 청구할 침해받지 범죄에 계승·발전과 수 거듭 범죄에 증거인멸의.', '바에 필요한 가진다. 때에는 효력을 사후에 현행범인인 국가는 처벌받지 국민은 형사피고인은 조약과 유죄의 체결·공포된 창달에 죄를 사항은 3년 확정될 의하여 경우와 모성의 대하여 침해받지 효력을 있을 죄를 일반적으로 형에 도피.', '["예의가 바르게 행동해요", "유머 감각이 있어요", "매력적인 사람이에요", "카리스마 있어요", "선물을 잘 고르는 편이에요", "잠이 많아요", "표현을 잘해요", "세심한 성격이에요"]', '["음악", "와인", "패션", "학문", "운전", "산", "식물", "요가", "꽃", "춤", "그림"]', 'ACTIVE', '2024-01-30 17:06:40', '2024-02-03 14:52:41', null, 'male-Waiter'),
        (1037, '함혜율', '한국 설호', '1996-11-09', 'FEMALE', '창원군', '양산시', 'ISFP', 'XSFP', 0x00000000010100000062105839B4F845C023DBF97E6A3053C0, 162, 'SLIM_MUSCULAR', 'National Integration', 'OFTEN', 'EVERYDAY', 'BUDDHIST', '보호할 있을 이상의 사생활의 동일한 한다. 범하고 형사피고인은 평생교육을 형사피고인은 장기 아니하며, 행위로 보호를 창달에 계승·발전과 정하는 전통문화의 아니한다. 시설기준과 정한다. 정한다. 장기 진다. 헌법에 죄를 일반적으로 의하여 도피 범죄에.', '바에 법률에 의하여 범죄를 헌법에 정한다. 염려가 위하여 자유를 신문의 국민은 시설기준과 필요한 승인된 헌법에 무죄로 법률로 의무교육은 예술가의 아니하는 증거인멸의 때에는 대하여 죄를 있을 사후에 확정될 저작자·발명가·과학기술자와 수 동일한.', '모성의 무상으로 이상의 있다. 대하여 전통문화의 다만, 국내법과 보호를 시설기준과 있다. 정하는 보호를 수 계승·발전과 모성의 다만, 모든 보장하기 청구할 대하여 침해받지 의무교육은 국가는 진다. 진흥하여야 창달에 진다. 현행범인인 형사피고인은.', '["창의적인 아이디어가 많아요", "로맨틱해요", "리더십이 있어요", "보조개", "예의가 바르게 행동해요", "활동적이에요", "선물을 잘 고르는 편이에요", "귀가 좋아요"]', '["요가", "여행", "그림", "연극", "글쓰기", "영화", "독서", "운전"]', 'ACTIVE', '2024-01-30 17:06:40', '2024-02-03 14:52:48', null, 'elegant-Black-Hair-Woman'),
        (1038, '허라훈', '나온 연구소', '2005-05-11', 'MALE', '마포구', '밀양군', 'INFP', 'INFJ', 0x00000000010100000014AE47E17A141D40CC7F48BF7DDD47C0, 151, 'MUSCULAR', 'Internal Data Office', 'E_CIGARETTE', 'EVERYDAY', 'NONE', '법률로 보장하기 아니한다. 국내법과 조약과 전통문화의 아니하는 대하여 소추되지 국제법규는 범죄를 이상의 의무교육은 장기 아니하는 자유를 법률이 기능을 아니하는 법률로 소추되지 사생활의 수 또는 필요한 창달에 때에는 3년 평생교육을 범죄에.', '위하여 조약과 거듭 수 모성의 법률로 아니하며, 바에 전통문화의 계승·발전과 동일한 모든 계승·발전과 의무교육은 아니한다. 법률로써 때까지는 때에는 모성의 법률로써 저작자·발명가·과학기술자와 거듭 있을 법률로써 추정된다. 조약과 동일한 침해받지 아니하는 효력을.', '신체의 기능을 사후에 다만, 법률로써 또는 재외국민을 사후에 국가는 보호를 유죄의 죄를 다만, 평생교육을 노력하여야 보호한다. 승인된 창달에 현행범인인 아니한다. 보장하기 예술가의 보호한다. 증거인멸의 정하는 자유를 행위로 도피 사생활의 보호할.', '["잠이 많아요", "귀가 좋아요", "활동적이에요", "로맨틱해요"]', '["영화", "여행", "캠핑", "글쓰기", "커피", "춤", "산", "반려동물", "연극", "운전", "독서", "요가", "게임", "패션", "학문", "식물", "음악", "그림", "와인", "꽃", "IT", "운동", "요리"]', 'ACTIVE', '2024-01-30 17:06:40', '2024-02-03 14:52:41', null, 'male-Waiter'),
        (1039, '원규준', '루민 중공업', '1992-01-09', 'FEMALE', '영주구', '부천구', 'ENTJ', 'XSTJ', 0x000000000101000000EA04341136085C40E78C28ED0DDE3440, 181, 'MUSCULAR', 'Human Interactions D', 'QUIT', 'NON_DRINKING', 'CATHOLIC', '있을 형사피고인은 사항은 의무교육은 조약과 처벌받지 일반적으로 보장하기 해당하는 보호를 신체의 이상의 효력을 때에는 신체의 확정될 체결·공포된 사항은 모든 확정될 사항은 국가는 사후에 시설기준과 진다. 사항은 무죄로 같은 진흥하여야 국가는.', '체결·공포된 유죄의 권리는 보장하기 정한다. 있다. 예술가의 범죄를 해당하는 법률로 국가는 증거인멸의 평생교육을 승인된 신문의 법률에 법률에 영장을 국민은 사항은 한다. 같은 모성의 모든 가진다. 보호할 판결이 정하는 행위시의 있다..', '통신·방송의 정하는 헌법에 노력하여야 때까지는 행위로 통신·방송의 사후에 국민은 영장을 정하는 의무를 조약과 기능을 보호한다. 평생교육을 전통문화의 국민은 법률로 범죄에 청구할 보호를 다만, 조약과 정한다. 또는 전통문화의 염려가 재외국민을 일반적으로.', '["선물을 잘 고르는 편이에요", "목소리가 좋아요", "두뇌 회전이 빨라요", "카리스마 있어요", "체력이 좋아요", "로맨틱해요", "유머 감각이 있어요", "리더십이 있어요", "표현을 잘해요", "창의적인 아이디어가 많아요"]', '["학문", "글쓰기", "그림", "반려동물", "운동", "패션"]', 'ACTIVE', '2024-01-30 17:06:40', '2024-02-03 14:52:48', null, 'elegant-Black-Hair-Woman'),
        (1040, '추다움', '한국 하겸', '1993-04-02', 'FEMALE', '구미시', '부천시', 'ENFP', 'INTP', 0x0000000001010000005DDC460378EB27407F6ABC7493CC5340, 183, 'SKINNY', 'District Configurati', 'QUIT', 'EVERYDAY', 'CHRISTIAN', '아니하는 시설기준과 범하고 있을 법률이 법률로써 같은 가진다. 같은 보장하기 아니한다. 아니한다. 있을 현행범인인 현행범인인 필요한 같은 국민은 염려가 법률에 추정된다. 국가는 영장을 신체의 때까지는 보호를 보호를 경우와 평생교육을 거듭.', '형사피고인은 아니하는 노력하여야 이상의 평생교육을 범죄를 무죄로 신문의 형에 보장하기 사후에 헌법에 도피 보호한다. 보장하기 소추되지 평생교육을 형사피고인은 승인된 국내법과 효력을 정한다. 모든 법률이 보장하기 형에 국가는 도피 행위시의 국제법규는.', '이상의 구성하지 수 있다. 아니한다. 확정될 경우와 국가는 전통문화의 범죄에 일반적으로 소추되지 또는 대하여 행위시의 모성의 아니하며, 영장을 바에 효력을 같은 국가는 유죄의 계승·발전과 이상의 사생활의 신체의 국민은 가진다. 동일한.', '["예의가 바르게 행동해요", "체력이 좋아요", "잠이 많아요", "카리스마 있어요", "선물을 잘 고르는 편이에요", "창의적인 아이디어가 많아요", "표현을 잘해요", "귀가 좋아요", "목소리가 좋아요", "두뇌 회전이 빨라요", "보조개", "로맨틱해요", "세심한 성격이에요", "매력적인 사람이에요", "긍정적인 에너지를 가지고 있어요", "관찰력이 좋아요", "활동적이에요", "비율이 좋아요"]', '["꽃", "와인"]', 'ACTIVE', '2024-01-30 17:06:40', '2024-02-03 14:52:48', null, 'elegant-Black-Hair-Woman'),
        (1041, '천서헌', '영제 은행', '1978-06-30', 'MALE', '수성시', '부천구', 'INTP', 'INFP', 0x0000000001010000006F1283C0CAD145C039D6C56D34000140, 177, 'FAT', 'Forward Configuratio', 'IQOS', 'OCCASIONALLY', 'CATHOLIC', '국민은 아니한다. 있을 경우와 헌법에 통신·방송의 통신·방송의 무죄로 경우와 수 무죄로 죄를 때까지는 무상으로 소추되지 보호할 추정된다. 계승·발전과 모성의 기능을 염려가 도피 행위로 의하여 평생교육을 헌법에 청구할 헌법에 진흥하여야 한다..', '국제법규는 저작자·발명가·과학기술자와 처벌받지 예술가의 현행범인인 통신·방송의 확정될 비밀과 또는 의무를 진다. 국제법규는 해당하는 권리는 아니하며, 영장을 도피 체결·공포된 현행범인인 의하여 또는 동일한 보호할 기능을 유죄의 권리는 유죄의 장기 범하고 죄를.', '국제법규는 보호한다. 해당하는 법률이 통신·방송의 재외국민을 헌법에 체결·공포된 판결이 때까지는 민족문화의 법률로 무죄로 아니하며, 행위로 한다. 있다. 아니한다. 바에 확정될 추정된다. 동일한 경우와 보호를 보호할 모성의 의무교육은 추정된다. 국제법규는 보호할.', '["귀가 좋아요", "활동적이에요", "잠이 많아요", "관찰력이 좋아요", "유머 감각이 있어요", "세심한 성격이에요", "로맨틱해요", "선물을 잘 고르는 편이에요", "두뇌 회전이 빨라요"]', '["여행", "음악", "꽃", "영화", "게임", "독서", "산", "요리", "식물", "IT", "커피", "반려동물"]', 'ACTIVE', '2024-01-30 17:06:40', '2024-02-03 14:52:41', null, 'male-Waiter'),
        (1042, '견선구', '대욱 코리아', '1983-08-03', 'FEMALE', '구리시', '강릉시', 'ENFJ', 'INTP', 0x00000000010100000069006F8104595940C7293A92CB1754C0, 168, 'FAT', 'Senior Functionality', 'OCCASIONALLY', 'OCCASIONALLY', 'CHRISTIAN', '바에 아니한다. 또는 법률로써 예술가의 범죄에 보호를 처벌받지 평생교육을 행위시의 행위로 법률에 국민은 무죄로 법률로써 이상의 보호를 효력을 범죄를 시설기준과 신문의 범죄를 헌법에 보호를 있을 보호한다. 동일한 법률로 경우와 보호할.', '한다. 신문의 일반적으로 염려가 있을 동일한 대하여 현행범인인 노력하여야 바에 바에 아니하는 기능을 무죄로 진흥하여야 이상의 헌법에 보호할 범하고 정한다. 현행범인인 범하고 있을 국가는 모성의 사생활의 무상으로 보장하기 영장을 계승·발전과.', '법률에 사후에 때까지는 위하여 확정될 사생활의 위하여 진다. 국민은 효력을 전통문화의 사생활의 재외국민을 추정된다. 염려가 청구할 보장하기 헌법에 아니하며, 구성하지 위하여 소추되지 필요한 모성의 아니한다. 있다. 권리는 신문의 형에 해당하는.', '["예의가 바르게 행동해요", "비율이 좋아요", "매력적인 사람이에요", "보조개", "선물을 잘 고르는 편이에요", "활동적이에요", "유머 감각이 있어요", "리더십이 있어요", "귀가 좋아요", "목소리가 좋아요", "창의적인 아이디어가 많아요", "로맨틱해요", "체력이 좋아요", "두뇌 회전이 빨라요", "세심한 성격이에요", "카리스마 있어요", "긍정적인 에너지를 가지고 있어요", "관찰력이 좋아요", "잠이 많아요"]', '["운동", "게임", "여행", "식물", "요리", "학문", "춤", "독서", "그림", "커피"]', 'ACTIVE', '2024-01-30 17:06:40', '2024-02-03 14:52:48', null, 'elegant-Black-Hair-Woman'),
        (1043, '정은표', '아빈 은행', '2003-04-09', 'MALE', '광산시', '고창군', 'ISTJ', 'ISTP', 0x00000000010100000098DD9387855663C0363CBD5296C94040, 168, 'NORMAL', 'Forward Usability Ma', 'OFTEN', 'EVERYDAY', 'BUDDHIST', '신체의 장기 시설기준과 가진다. 때까지는 신문의 있다. 사생활의 청구할 형에 같은 다만, 보호한다. 행위시의 3년 승인된 재외국민을 처벌받지 체결·공포된 도피 해당하는 거듭 국민은 장기 있을 소추되지 권리는 침해받지 기능을 예술가의.', '모성의 수 자유를 사후에 국내법과 조약과 다만, 범죄에 헌법에 신체의 정하는 아니하며, 창달에 의하여 보호한다. 형에 창달에 위하여 사후에 법률에 또는 의하여 사후에 도피 보호한다. 국내법과 청구할 사생활의 보호한다. 아니하는.', '헌법에 모든 민족문화의 아니한다. 무상으로 체결·공포된 효력을 시설기준과 영장을 자유를 바에 범죄에 대하여 국내법과 무상으로 보장하기 정하는 자유를 영장을 재외국민을 사생활의 영장을 체결·공포된 정하는 법률로 무상으로 보호를 모성의 사항은 체결·공포된.', '["유머 감각이 있어요", "활동적이에요", "체력이 좋아요", "리더십이 있어요", "선물을 잘 고르는 편이에요", "매력적인 사람이에요", "긍정적인 에너지를 가지고 있어요", "예의가 바르게 행동해요", "로맨틱해요", "잠이 많아요", "보조개", "두뇌 회전이 빨라요", "카리스마 있어요", "세심한 성격이에요", "귀가 좋아요", "비율이 좋아요"]', '["운전", "커피", "춤", "그림", "연극", "영화", "요가", "음악", "식물"]', 'ACTIVE', '2024-01-30 17:06:40', '2024-02-03 14:52:41', null, 'male-Waiter'),
        (1044, '오인수', '경빈 공사', '2001-11-26', 'MALE', '수원군', '거창시', 'INFJ', 'ISFP', 0x00000000010100000046B6F3FDD4B464C0931804560E2DFA3F, 179, 'SLIM_MUSCULAR', 'Senior Implementatio', 'QUIT', 'OCCASIONALLY', 'BUDDHIST', '권리는 아니하는 국내법과 형에 경우와 보호를 아니하는 범죄를 도피 모든 처벌받지 자유를 거듭 권리는 경우와 노력하여야 영장을 현행범인인 수 범죄를 유죄의 조약과 아니하는 진흥하여야 평생교육을 승인된 증거인멸의 영장을 대하여 효력을.', '3년 헌법에 구성하지 노력하여야 해당하는 형사피고인은 승인된 진다. 동일한 때까지는 영장을 정한다. 무상으로 의무를 사후에 추정된다. 재외국민을 형에 현행범인인 증거인멸의 아니하는 판결이 일반적으로 범하고 체결·공포된 효력을 저작자·발명가·과학기술자와 비밀과 증거인멸의 모든.', '수 무죄로 창달에 또는 법률로써 효력을 의하여 행위시의 계승·발전과 권리는 바에 형에 모성의 행위시의 사생활의 사생활의 법률로 국내법과 다만, 한다. 수 필요한 예술가의 형사피고인은 신체의 같은 같은 노력하여야 죄를 범죄에.', '["귀가 좋아요", "카리스마 있어요", "예의가 바르게 행동해요", "리더십이 있어요", "목소리가 좋아요", "로맨틱해요", "두뇌 회전이 빨라요", "유머 감각이 있어요", "창의적인 아이디어가 많아요", "잠이 많아요", "긍정적인 에너지를 가지고 있어요", "표현을 잘해요", "활동적이에요", "매력적인 사람이에요", "비율이 좋아요", "선물을 잘 고르는 편이에요", "보조개", "체력이 좋아요", "세심한 성격이에요", "관찰력이 좋아요"]', '["운동", "영화", "꽃", "산", "학문", "춤", "그림", "요가", "패션", "게임", "요리"]', 'ACTIVE', '2024-01-30 17:06:40', '2024-02-03 14:52:41', null, 'male-Waiter'),
        (1045, '고기륜', '한국 진구', '1995-04-17', 'MALE', '송파구', '시흥시', 'ENTP', 'ISFJ', 0x000000000101000000D42B6519E29829402D431CEBE2563A40, 160, 'CHUBBY', 'Internal Functionali', 'IQOS', 'OFTEN', 'OTHER', '조약과 있을 판결이 보장하기 노력하여야 진흥하여야 행위로 사후에 무상으로 의무교육은 소추되지 확정될 법률로 의무를 구성하지 아니하며, 아니하며, 진다. 죄를 의무를 노력하여야 아니하며, 아니하는 동일한 민족문화의 청구할 형사피고인은 이상의 권리는 대하여.', '진흥하여야 모성의 자유를 아니한다. 동일한 범죄를 이상의 대하여 국제법규는 법률에 예술가의 아니하는 처벌받지 다만, 처벌받지 국가는 무죄로 의무를 진흥하여야 의무교육은 의무를 계승·발전과 의하여 기능을 체결·공포된 해당하는 죄를 때에는 신문의 법률로써.', '승인된 또는 의무교육은 침해받지 국제법규는 동일한 한다. 있다. 3년 추정된다. 아니하는 청구할 때에는 신문의 필요한 범하고 가진다. 현행범인인 재외국민을 형에 때에는 보호한다. 대하여 염려가 이상의 거듭 국내법과 장기 같은 통신·방송의.', '["활동적이에요", "잠이 많아요", "리더십이 있어요", "예의가 바르게 행동해요", "표현을 잘해요", "관찰력이 좋아요", "두뇌 회전이 빨라요", "비율이 좋아요"]', '["요가", "패션", "그림", "음악", "영화"]', 'ACTIVE', '2024-01-30 17:06:40', '2024-02-03 14:52:41', null, 'male-Waiter'),
        (1046, '편우담', '세강 중공업', '1984-08-20', 'FEMALE', '거창시', '전주시', 'INFJ', 'ESFJ', 0x000000000101000000A54E401361A164C030BB270F0BF952C0, 180, 'FAT', 'Principal Branding C', 'NON_SMOKING', 'OCCASIONALLY', 'WONBUDDHIST', '아니한다. 법률로써 평생교육을 같은 유죄의 증거인멸의 진흥하여야 자유를 때까지는 해당하는 일반적으로 소추되지 모성의 국민은 동일한 증거인멸의 있을 있을 보호를 저작자·발명가·과학기술자와 신문의 저작자·발명가·과학기술자와 때에는 의무교육은 법률로써 있다. 경우와 의무를 유죄의 필요한.', '경우와 경우와 바에 법률에 국제법규는 아니하는 시설기준과 증거인멸의 바에 범죄에 권리는 이상의 또는 이상의 일반적으로 헌법에 민족문화의 범하고 범죄를 처벌받지 법률로 한다. 보호한다. 진다. 법률에 거듭 조약과 진다. 범죄에 노력하여야.', '추정된다. 노력하여야 법률에 같은 때에는 무상으로 국제법규는 노력하여야 정한다. 신체의 시설기준과 체결·공포된 판결이 보호할 진다. 추정된다. 아니하는 법률로 정하는 자유를 이상의 승인된 국제법규는 유죄의 모성의 거듭 죄를 처벌받지 신문의 계승·발전과.', '["비율이 좋아요", "활동적이에요", "유머 감각이 있어요", "선물을 잘 고르는 편이에요", "보조개", "세심한 성격이에요", "긍정적인 에너지를 가지고 있어요", "매력적인 사람이에요", "로맨틱해요", "목소리가 좋아요", "관찰력이 좋아요"]', '["영화", "독서", "캠핑", "운동", "IT", "게임", "커피", "연극", "학문", "글쓰기"]', 'ACTIVE', '2024-01-30 17:06:40', '2024-02-03 14:52:48', null, 'elegant-Black-Hair-Woman'),
        (1047, '석경대', '재의 중공업', '1987-10-07', 'MALE', '강릉구', '양양시', 'INTP', 'INTJ', 0x0000000001010000009A081B9E5EF365C0F241CF66D5FF4AC0, 177, 'FAT', 'Investor Paradigm Te', 'E_CIGARETTE', 'NON_DRINKING', 'CATHOLIC', '범죄에 죄를 형에 재외국민을 3년 3년 노력하여야 현행범인인 진흥하여야 효력을 창달에 의하여 현행범인인 진흥하여야 청구할 진다. 재외국민을 아니한다. 있다. 염려가 국가는 노력하여야 3년 국제법규는 유죄의 국내법과 헌법에 의무교육은 정하는 침해받지.', '보호한다. 법률로써 노력하여야 보호한다. 전통문화의 신체의 보호를 법률로 있을 예술가의 모성의 있을 때까지는 전통문화의 소추되지 사후에 헌법에 예술가의 무죄로 구성하지 염려가 위하여 법률로써 범하고 통신·방송의 이상의 사후에 민족문화의 도피 민족문화의.', '정한다. 현행범인인 법률이 도피 동일한 범죄를 처벌받지 사생활의 범죄에 해당하는 신문의 있다. 시설기준과 법률이 보호할 가진다. 침해받지 또는 보호할 체결·공포된 구성하지 행위시의 행위시의 국가는 확정될 대하여 정하는 권리는 또는 현행범인인.', '["카리스마 있어요", "관찰력이 좋아요", "목소리가 좋아요", "리더십이 있어요", "잠이 많아요", "예의가 바르게 행동해요", "귀가 좋아요"]', '["꽃", "운동", "와인", "글쓰기", "반려동물", "요리", "캠핑", "독서", "여행", "패션", "운전", "그림", "게임", "산", "요가", "IT"]', 'ACTIVE', '2024-01-30 17:06:40', '2024-02-03 14:52:41', null, 'male-Waiter'),
        (1048, '라현기', '한국 해랑', '1980-09-11', 'MALE', '용산군', '양산시', 'INTJ', 'INFJ', 0x000000000101000000F085C954C1281A402D431CEBE2762840, 156, 'NORMAL', 'Forward Integration ', 'QUIT', 'EVERYDAY', 'WONBUDDHIST', '법률로써 체결·공포된 같은 침해받지 국내법과 비밀과 계승·발전과 장기 의하여 보장하기 3년 수 국내법과 무상으로 추정된다. 국가는 법률이 소추되지 무상으로 때까지는 범죄를 의무교육은 진다. 사항은 대하여 사항은 필요한 의하여 때에는 청구할.', '진다. 보장하기 무상으로 형에 국내법과 민족문화의 민족문화의 통신·방송의 법률로 판결이 비밀과 사생활의 국민은 가진다. 유죄의 체결·공포된 승인된 진흥하여야 확정될 의무교육은 유죄의 있을 유죄의 다만, 법률로 형에 의무를 무죄로 민족문화의 행위로.', '같은 한다. 이상의 평생교육을 행위시의 신문의 무죄로 창달에 바에 사생활의 의무를 정하는 사생활의 때까지는 형사피고인은 증거인멸의 증거인멸의 다만, 국가는 수 추정된다. 의하여 염려가 승인된 권리는 확정될 해당하는 법률이 자유를 모성의.', '["세심한 성격이에요", "목소리가 좋아요"]', '["산", "게임", "커피", "반려동물", "운전", "식물", "글쓰기", "그림", "IT", "학문", "패션", "연극", "여행", "영화", "요리"]', 'ACTIVE', '2024-01-30 17:06:40', '2024-02-03 14:52:41', null, 'male-Waiter'),
        (1049, '송두연', '온유 그룹', '2004-02-19', 'MALE', '부천구', '부천군', 'ESFP', 'ENFJ', 0x0000000001010000000BB5A679C76947C01361C3D32B015640, 176, 'SLIM_MUSCULAR', 'Forward Assurance Ma', 'OFTEN', 'OFTEN', 'WONBUDDHIST', '법률로 형에 침해받지 형에 재외국민을 또는 조약과 평생교육을 승인된 청구할 있다. 사후에 모성의 추정된다. 다만, 국내법과 의무교육은 아니하는 정하는 소추되지 같은 권리는 헌법에 거듭 보호를 죄를 청구할 있다. 보호를 증거인멸의.', '또는 보장하기 거듭 경우와 정한다. 범죄에 권리는 재외국민을 승인된 경우와 또는 정한다. 비밀과 도피 신체의 이상의 거듭 효력을 수 추정된다. 모성의 예술가의 보호한다. 증거인멸의 형에 해당하는 보호한다. 권리는 아니하는 때에는.', '행위시의 또는 무죄로 같은 영장을 법률로 위하여 모든 증거인멸의 기능을 저작자·발명가·과학기술자와 염려가 비밀과 행위로 국가는 체결·공포된 통신·방송의 자유를 기능을 범죄에 신체의 전통문화의 3년 아니하는 소추되지 의무를 효력을 체결·공포된 또는 유죄의.', '["창의적인 아이디어가 많아요", "비율이 좋아요", "카리스마 있어요", "활동적이에요"]', '["게임", "연극", "산", "독서", "IT", "글쓰기", "캠핑", "춤"]', 'ACTIVE', '2024-01-30 17:06:40', '2024-02-03 14:52:41', null, 'male-Waiter'),
        (1050, '유건태', '주식회사 선형', '1978-01-31', 'MALE', '송파군', '수성시', 'ISFP', 'ENFJ', 0x000000000101000000FAEDEBC039E316406C09F9A067932C40, 164, 'FAT', 'Future Directives As', 'IQOS', 'OCCASIONALLY', 'WONBUDDHIST', '범죄에 보호한다. 청구할 이상의 다만, 조약과 범하고 법률이 시설기준과 증거인멸의 유죄의 무상으로 민족문화의 장기 사생활의 의무를 의무를 때에는 아니하며, 무상으로 조약과 판결이 청구할 시설기준과 확정될 영장을 노력하여야 도피 통신·방송의 경우와.', '비밀과 법률에 다만, 거듭 경우와 3년 때까지는 있을 보호한다. 보호한다. 법률에 정한다. 아니한다. 국제법규는 법률이 국민은 형사피고인은 신체의 의하여 한다. 때까지는 저작자·발명가·과학기술자와 전통문화의 의무를 3년 있다. 확정될 구성하지 의무교육은 3년.', '해당하는 현행범인인 민족문화의 장기 정하는 죄를 일반적으로 사후에 청구할 승인된 영장을 법률이 통신·방송의 같은 행위시의 사후에 창달에 창달에 사후에 재외국민을 소추되지 의무를 진흥하여야 아니하는 바에 시설기준과 창달에 조약과 있을 효력을.', '["리더십이 있어요", "보조개", "창의적인 아이디어가 많아요", "선물을 잘 고르는 편이에요", "매력적인 사람이에요", "예의가 바르게 행동해요", "귀가 좋아요", "로맨틱해요", "유머 감각이 있어요", "표현을 잘해요", "체력이 좋아요", "긍정적인 에너지를 가지고 있어요", "세심한 성격이에요"]', '["여행", "학문", "패션", "커피", "요리", "반려동물", "독서", "꽃", "영화", "IT"]', 'ACTIVE', '2024-01-30 17:06:40', '2024-02-03 14:52:41', null, 'male-Waiter'),
        (1051, '국대규', '성헌 연구소', '1989-09-01', 'FEMALE', '수원구', '김천시', 'ISTJ', 'XXXX', 0x00000000010100000096218E75714757C0956588635DDC30C0, 163, 'FAT', 'Future Paradigm Mana', 'QUIT', 'NON_DRINKING', 'CATHOLIC', '형사피고인은 계승·발전과 바에 형사피고인은 사항은 법률로써 신문의 때까지는 보호를 위하여 의무교육은 비밀과 범하고 평생교육을 재외국민을 국제법규는 행위시의 때까지는 같은 죄를 거듭 국내법과 구성하지 때에는 권리는 가진다. 진다. 도피 증거인멸의 가진다..', '국가는 확정될 진다. 자유를 구성하지 침해받지 국가는 사후에 진흥하여야 침해받지 장기 민족문화의 바에 법률로써 경우와 침해받지 예술가의 같은 무상으로 보호를 무상으로 사후에 정한다. 민족문화의 다만, 수 일반적으로 행위로 때까지는 추정된다..', '평생교육을 아니한다. 있다. 정한다. 국민은 수 수 계승·발전과 승인된 사항은 3년 때까지는 의무를 재외국민을 구성하지 국가는 국가는 이상의 정한다. 같은 진흥하여야 유죄의 영장을 유죄의 의무를 무상으로 정한다. 정한다. 보호할 형에.', '["두뇌 회전이 빨라요", "매력적인 사람이에요", "체력이 좋아요", "표현을 잘해요", "리더십이 있어요", "선물을 잘 고르는 편이에요", "귀가 좋아요", "세심한 성격이에요", "목소리가 좋아요", "관찰력이 좋아요", "보조개", "로맨틱해요", "긍정적인 에너지를 가지고 있어요", "창의적인 아이디어가 많아요", "활동적이에요", "카리스마 있어요"]', '["음악", "영화", "연극", "커피", "그림", "운동", "식물", "캠핑", "산", "독서", "춤", "여행", "요가"]', 'ACTIVE', '2024-01-30 17:06:40', '2024-02-03 14:52:48', null, 'elegant-Black-Hair-Woman'),
        (1052, '강유민', '주식회사 승지', '2001-06-23', 'MALE', '남구', '동작시', 'ESFP', 'XXXX', 0x000000000101000000E17A14AE47E15DC098DD9387852A4740, 184, 'SKINNY', 'Chief Response Techn', 'IQOS', 'EVERYDAY', 'WONBUDDHIST', '소추되지 보호한다. 평생교육을 계승·발전과 정하는 장기 범죄를 국민은 체결·공포된 침해받지 유죄의 해당하는 보호한다. 모성의 있다. 행위로 형에 형에 법률에 법률이 청구할 때에는 보장하기 정하는 있다. 죄를 정하는 계승·발전과 평생교육을 죄를.', '대하여 있다. 모성의 3년 정하는 비밀과 신문의 모성의 평생교육을 신체의 신문의 때까지는 경우와 법률로 법률로써 3년 구성하지 처벌받지 국내법과 염려가 행위시의 기능을 청구할 거듭 체결·공포된 경우와 가진다. 진다. 3년 무상으로.', '범죄에 있다. 정하는 시설기준과 영장을 때까지는 국민은 자유를 현행범인인 바에 현행범인인 범죄에 법률로 정한다. 형에 법률로 확정될 사후에 국가는 신문의 무죄로 아니하는 형사피고인은 정하는 자유를 증거인멸의 국내법과 저작자·발명가·과학기술자와 법률로써 소추되지.', '["매력적인 사람이에요", "두뇌 회전이 빨라요", "비율이 좋아요", "카리스마 있어요", "관찰력이 좋아요", "잠이 많아요", "체력이 좋아요", "창의적인 아이디어가 많아요", "유머 감각이 있어요", "목소리가 좋아요", "보조개", "귀가 좋아요", "세심한 성격이에요", "로맨틱해요", "긍정적인 에너지를 가지고 있어요", "표현을 잘해요", "활동적이에요", "선물을 잘 고르는 편이에요", "예의가 바르게 행동해요", "리더십이 있어요"]', '["요리", "독서", "캠핑", "와인", "산", "영화", "여행", "운전", "패션", "꽃", "학문", "게임", "연극", "요가"]', 'ACTIVE', '2024-01-30 17:06:40', '2024-02-03 14:52:41', null, 'male-Waiter'),
        (1053, '강창주', '한국 우현', '1981-09-27', 'FEMALE', '고성시', '시흥군', 'ESFP', 'ISFJ', 0x000000000101000000BC74931804DE5F400F9C33A2B42F4F40, 156, 'FAT', 'International Commun', 'E_CIGARETTE', 'OCCASIONALLY', 'CATHOLIC', '저작자·발명가·과학기술자와 형사피고인은 행위로 다만, 권리는 통신·방송의 아니한다. 범죄를 아니하며, 헌법에 형사피고인은 위하여 아니한다. 의무를 한다. 위하여 무상으로 장기 때까지는 장기 때에는 아니하는 죄를 처벌받지 창달에 같은 시설기준과 한다. 필요한 기능을.', '아니하며, 또는 모성의 아니하는 노력하여야 범죄에 저작자·발명가·과학기술자와 형에 증거인멸의 가진다. 정하는 같은 대하여 때에는 진흥하여야 유죄의 아니한다. 비밀과 형사피고인은 이상의 또는 아니한다. 법률로써 또는 계승·발전과 권리는 보장하기 의무교육은 형사피고인은 무죄로.', '조약과 보호를 행위시의 3년 범죄를 통신·방송의 거듭 때까지는 현행범인인 저작자·발명가·과학기술자와 있을 염려가 현행범인인 국민은 사생활의 동일한 무죄로 증거인멸의 보장하기 진흥하여야 처벌받지 사후에 기능을 계승·발전과 의무를 범죄를 비밀과 같은 승인된 국제법규는.', '["예의가 바르게 행동해요", "관찰력이 좋아요", "세심한 성격이에요", "보조개", "비율이 좋아요", "로맨틱해요", "두뇌 회전이 빨라요", "창의적인 아이디어가 많아요", "유머 감각이 있어요", "활동적이에요", "표현을 잘해요", "카리스마 있어요", "매력적인 사람이에요", "리더십이 있어요", "귀가 좋아요", "목소리가 좋아요", "잠이 많아요", "선물을 잘 고르는 편이에요"]', '["식물", "독서", "IT", "영화", "요가", "춤", "패션", "와인", "여행", "요리", "꽃", "그림", "연극", "산", "커피", "글쓰기", "운전"]', 'ACTIVE', '2024-01-30 17:06:40', '2024-02-03 14:52:48', null, 'elegant-Black-Hair-Woman'),
        (1054, '천태산', '배성 코리아', '2000-03-19', 'MALE', '목포구', '마포구', 'ENFJ', 'XNTJ', 0x000000000101000000F2B0506B9AA74FC09D8026C286270BC0, 150, 'SKINNY', 'Future Communication', 'NON_SMOKING', 'EVERYDAY', 'WONBUDDHIST', '거듭 범죄에 이상의 처벌받지 법률이 의무교육은 있을 진흥하여야 진흥하여야 가진다. 전통문화의 해당하는 국가는 보호를 범죄를 아니한다. 청구할 정한다. 권리는 아니하는 법률로 신체의 형에 해당하는 위하여 기능을 해당하는 위하여 같은 사후에.', '의무를 진흥하여야 행위시의 무죄로 구성하지 사생활의 재외국민을 사항은 처벌받지 추정된다. 보호를 때에는 시설기준과 시설기준과 대하여 의무를 범하고 3년 의하여 아니한다. 진다. 모든 정한다. 동일한 소추되지 계승·발전과 확정될 다만, 법률로 승인된.', '조약과 다만, 권리는 구성하지 확정될 시설기준과 보호를 아니한다. 대하여 염려가 장기 무상으로 형사피고인은 위하여 헌법에 거듭 국제법규는 유죄의 청구할 계승·발전과 국가는 정하는 무죄로 법률에 유죄의 권리는 죄를 예술가의 국내법과 보호할.', '["창의적인 아이디어가 많아요", "긍정적인 에너지를 가지고 있어요", "카리스마 있어요", "비율이 좋아요", "예의가 바르게 행동해요", "매력적인 사람이에요"]', '["음악", "독서", "여행", "학문", "패션", "산", "글쓰기", "캠핑", "연극", "영화", "식물", "반려동물", "요가", "운전", "꽃", "게임", "커피", "운동", "그림", "와인", "IT"]', 'ACTIVE', '2024-01-30 17:06:40', '2024-02-03 14:52:41', null, 'male-Waiter'),
        (1055, '하근태', '용원 물산', '1997-08-26', 'FEMALE', '목포구', '부평군', 'ISFJ', 'ESTP', 0x0000000001010000002DB29DEFA7826340158C4AEA042055C0, 185, 'FAT', 'Direct Mobility Repr', 'QUIT', 'OFTEN', 'BUDDHIST', '영장을 기능을 범하고 시설기준과 노력하여야 정하는 비밀과 경우와 범하고 동일한 일반적으로 사항은 필요한 보호할 헌법에 거듭 승인된 증거인멸의 또는 체결·공포된 청구할 범죄에 국가는 헌법에 바에 국제법규는 모든 구성하지 위하여 의하여.', '구성하지 범하고 범죄를 도피 일반적으로 아니한다. 위하여 국민은 비밀과 증거인멸의 이상의 위하여 민족문화의 범죄를 노력하여야 위하여 사항은 노력하여야 법률에 구성하지 진다. 확정될 국민은 조약과 처벌받지 경우와 비밀과 추정된다. 행위시의 범죄를.', '보호한다. 확정될 모성의 확정될 헌법에 한다. 신문의 법률로 국제법규는 확정될 형사피고인은 형에 도피 범죄를 있다. 법률이 신체의 모성의 이상의 3년 사후에 가진다. 필요한 민족문화의 형에 비밀과 민족문화의 국내법과 법률이 계승·발전과.', '["표현을 잘해요", "카리스마 있어요", "활동적이에요", "귀가 좋아요", "보조개", "체력이 좋아요", "두뇌 회전이 빨라요", "긍정적인 에너지를 가지고 있어요", "관찰력이 좋아요", "매력적인 사람이에요", "창의적인 아이디어가 많아요", "선물을 잘 고르는 편이에요", "유머 감각이 있어요", "목소리가 좋아요", "잠이 많아요", "비율이 좋아요", "로맨틱해요", "리더십이 있어요", "세심한 성격이에요", "예의가 바르게 행동해요"]', '["영화", "요가", "꽃", "독서"]', 'ACTIVE', '2024-01-30 17:06:40', '2024-02-03 14:52:48', null, 'elegant-Black-Hair-Woman'),
        (1056, '형홍준', '태림 그룹', '1999-03-28', 'MALE', '고성구', '광주시', 'ENFJ', 'INFJ', 0x0000000001010000000B462575022A5C40E7FBA9F1D20D30C0, 150, 'CHUBBY', 'Investor Accounts Pl', 'OCCASIONALLY', 'OCCASIONALLY', 'BUDDHIST', '죄를 죄를 확정될 신문의 때에는 염려가 구성하지 증거인멸의 법률이 범죄를 추정된다. 재외국민을 승인된 헌법에 예술가의 구성하지 권리는 3년 의무교육은 노력하여야 형에 시설기준과 3년 행위로 정하는 장기 영장을 권리는 때까지는 확정될.', '범하고 때에는 창달에 재외국민을 통신·방송의 범죄에 죄를 보호를 있다. 시설기준과 때에는 아니하며, 바에 평생교육을 보호할 증거인멸의 동일한 시설기준과 통신·방송의 아니하는 계승·발전과 확정될 확정될 장기 창달에 소추되지 판결이 염려가 승인된 헌법에.', '처벌받지 일반적으로 청구할 범죄를 확정될 신문의 대하여 민족문화의 저작자·발명가·과학기술자와 사생활의 때까지는 의무를 도피 형에 진흥하여야 염려가 가진다. 범죄에 다만, 증거인멸의 권리는 때까지는 유죄의 가진다. 무상으로 아니하는 일반적으로 확정될 죄를 의무를.', '["세심한 성격이에요", "매력적인 사람이에요", "창의적인 아이디어가 많아요", "긍정적인 에너지를 가지고 있어요", "리더십이 있어요", "목소리가 좋아요", "선물을 잘 고르는 편이에요", "활동적이에요", "잠이 많아요", "관찰력이 좋아요", "표현을 잘해요", "카리스마 있어요", "체력이 좋아요", "두뇌 회전이 빨라요", "로맨틱해요", "보조개", "귀가 좋아요", "비율이 좋아요"]', '["게임", "음악", "요가", "IT", "산", "요리", "운전", "영화", "연극", "패션", "와인", "독서", "꽃", "글쓰기"]', 'ACTIVE', '2024-01-30 17:06:40', '2024-02-03 14:52:41', null, 'male-Waiter'),
        (1057, '기기서', '주식회사 의서', '1979-09-14', 'FEMALE', '인제군', '전주시', 'ISTP', 'XSTP', 0x00000000010100000066F7E461A1A63A400F9C33A2B47F42C0, 184, 'SKINNY', 'Future Intranet Prod', 'OCCASIONALLY', 'EVERYDAY', 'BUDDHIST', '진흥하여야 바에 3년 창달에 진흥하여야 동일한 아니하는 일반적으로 영장을 효력을 보호할 침해받지 정하는 행위시의 사생활의 처벌받지 법률로써 형사피고인은 행위시의 진다. 노력하여야 의무교육은 신문의 판결이 국내법과 있을 창달에 있다. 평생교육을 구성하지.', '가진다. 저작자·발명가·과학기술자와 유죄의 통신·방송의 확정될 구성하지 창달에 신체의 범죄에 정하는 침해받지 효력을 사생활의 추정된다. 의하여 행위로 형에 비밀과 다만, 사후에 수 거듭 대하여 장기 비밀과 소추되지 조약과 위하여 헌법에 권리는.', '정한다. 아니하며, 평생교육을 거듭 의무를 증거인멸의 때에는 행위시의 자유를 범하고 아니한다. 권리는 기능을 법률로 바에 평생교육을 평생교육을 노력하여야 비밀과 법률로 현행범인인 사생활의 범죄에 국민은 바에 사생활의 현행범인인 또는 노력하여야 도피.', '["잠이 많아요", "목소리가 좋아요", "귀가 좋아요", "창의적인 아이디어가 많아요", "관찰력이 좋아요", "유머 감각이 있어요", "체력이 좋아요", "리더십이 있어요", "카리스마 있어요", "매력적인 사람이에요", "세심한 성격이에요", "활동적이에요", "긍정적인 에너지를 가지고 있어요", "표현을 잘해요", "로맨틱해요", "보조개", "비율이 좋아요", "선물을 잘 고르는 편이에요", "예의가 바르게 행동해요", "두뇌 회전이 빨라요"]', '["학문", "운전", "여행", "독서", "게임", "영화", "꽃", "반려동물", "글쓰기", "IT", "와인", "패션", "연극", "캠핑", "운동", "그림", "음악", "요가"]', 'ACTIVE', '2024-01-30 17:06:40', '2024-02-03 14:52:48', null, 'elegant-Black-Hair-Woman'),
        (1058, '승새벽', '광준 중공업', '1981-06-01', 'MALE', '수성구', '밀양시', 'INFP', 'XSTX', 0x0000000001010000004260E5D0228B604021B07268916D1640, 155, 'MUSCULAR', 'Central Factors Liai', 'NON_SMOKING', 'NON_DRINKING', 'WONBUDDHIST', '도피 아니하며, 해당하는 법률에 일반적으로 의하여 같은 무죄로 국제법규는 노력하여야 범하고 권리는 의하여 범죄를 예술가의 사후에 있다. 필요한 대하여 의무교육은 체결·공포된 때까지는 의무교육은 진다. 증거인멸의 수 증거인멸의 노력하여야 시설기준과 증거인멸의.', '필요한 보장하기 같은 국제법규는 유죄의 평생교육을 법률에 일반적으로 장기 영장을 있다. 예술가의 아니한다. 국내법과 범죄에 통신·방송의 기능을 권리는 조약과 영장을 노력하여야 진흥하여야 때까지는 비밀과 저작자·발명가·과학기술자와 효력을 경우와 사항은 있을 영장을.', '정하는 보호할 있을 범죄에 계승·발전과 모성의 진다. 현행범인인 아니한다. 창달에 모든 헌법에 같은 사후에 예술가의 모든 법률에 대하여 사후에 법률로 효력을 사항은 구성하지 보호를 국제법규는 추정된다. 증거인멸의 판결이 저작자·발명가·과학기술자와 신문의.', '["목소리가 좋아요", "두뇌 회전이 빨라요", "선물을 잘 고르는 편이에요", "리더십이 있어요", "로맨틱해요", "표현을 잘해요", "예의가 바르게 행동해요", "귀가 좋아요", "카리스마 있어요", "유머 감각이 있어요", "세심한 성격이에요"]', '["커피", "반려동물", "글쓰기", "독서", "식물", "게임"]', 'ACTIVE', '2024-01-30 17:06:40', '2024-02-03 14:52:41', null, 'male-Waiter'),
        (1059, '원유온', '주식회사 민상', '1993-01-12', 'MALE', '광주군', '김천시', 'INFP', 'ESFP', 0x000000000101000000C3D32B65190A51408FC2F5285C3F4140, 160, 'SLIM_MUSCULAR', 'International Resear', 'QUIT', 'OFTEN', 'NONE', '진흥하여야 보장하기 헌법에 대하여 일반적으로 바에 아니한다. 장기 국제법규는 보호한다. 노력하여야 보호할 아니한다. 무죄로 사항은 국민은 행위시의 일반적으로 정한다. 국제법규는 수 형사피고인은 모든 범하고 국내법과 바에 보호한다. 위하여 다만, 아니한다..', '창달에 전통문화의 헌법에 때까지는 시설기준과 법률로써 무죄로 있다. 해당하는 저작자·발명가·과학기술자와 3년 권리는 노력하여야 현행범인인 같은 법률로써 노력하여야 유죄의 유죄의 도피 보호할 또는 국가는 범하고 또는 판결이 3년 범하고 판결이 법률로써.', '있을 염려가 보호한다. 보호할 진다. 의무교육은 아니하는 염려가 비밀과 계승·발전과 증거인멸의 필요한 위하여 권리는 경우와 한다. 보호를 구성하지 대하여 법률로써 정한다. 동일한 아니하며, 계승·발전과 3년 한다. 유죄의 의무교육은 추정된다. 확정될.', '["창의적인 아이디어가 많아요", "잠이 많아요", "매력적인 사람이에요", "선물을 잘 고르는 편이에요", "비율이 좋아요", "로맨틱해요"]', '["산", "식물", "운전", "반려동물", "운동", "요가"]', 'ACTIVE', '2024-01-30 17:06:40', '2024-02-03 14:52:41', null, 'male-Waiter'),
        (1060, '갈윤승', '세희 연구소', '2004-08-27', 'MALE', '양산군', '고창시', 'INFJ', 'XNFJ', 0x000000000101000000448B6CE7FBC14040DAACFA5C6D851BC0, 167, 'FAT', 'Forward Implementati', 'IQOS', 'OCCASIONALLY', 'CATHOLIC', '민족문화의 행위로 있을 범하고 자유를 또는 체결·공포된 의하여 사생활의 모성의 아니하며, 죄를 침해받지 형사피고인은 침해받지 보호할 모든 때에는 바에 행위로 모든 전통문화의 있다. 추정된다. 때까지는 위하여 한다. 3년 거듭 추정된다..', '무상으로 신체의 행위시의 가진다. 다만, 범죄를 또는 청구할 의무교육은 또는 국민은 저작자·발명가·과학기술자와 의무교육은 범죄를 모성의 국민은 보호할 예술가의 행위시의 예술가의 또는 국가는 법률로 신체의 신체의 진다. 구성하지 범하고 영장을 동일한.', '또는 국내법과 행위로 바에 무죄로 때에는 아니하며, 무죄로 체결·공포된 비밀과 도피 시설기준과 통신·방송의 행위로 예술가의 염려가 저작자·발명가·과학기술자와 행위로 의무를 국민은 아니한다. 청구할 가진다. 침해받지 이상의 정한다. 이상의 기능을 침해받지 처벌받지.', '["예의가 바르게 행동해요", "세심한 성격이에요", "표현을 잘해요", "관찰력이 좋아요", "두뇌 회전이 빨라요", "선물을 잘 고르는 편이에요", "카리스마 있어요", "활동적이에요"]', '["운동", "독서", "게임", "그림", "글쓰기", "영화", "여행", "식물", "IT", "꽃", "음악", "반려동물", "학문", "요가", "패션"]', 'ACTIVE', '2024-01-30 17:06:40', '2024-02-03 14:52:41', null, 'male-Waiter'),
        (1061, '빈무경', '해수 중공업', '2005-10-17', 'MALE', '마포시', '영주구', 'ISTP', 'ENFP', 0x00000000010100000064CC5D4BC8BF42C003780B2428F64840, 166, 'FAT', 'Principal Security C', 'OFTEN', 'EVERYDAY', 'CATHOLIC', '행위시의 유죄의 법률이 자유를 모든 거듭 가진다. 신체의 무상으로 추정된다. 청구할 무죄로 범하고 장기 동일한 저작자·발명가·과학기술자와 의무를 있을 법률로써 체결·공포된 범죄에 민족문화의 청구할 진흥하여야 가진다. 전통문화의 승인된 의하여 일반적으로 의무를.', '정하는 같은 수 필요한 보호한다. 일반적으로 효력을 보호할 의무를 처벌받지 사생활의 범죄를 아니하며, 시설기준과 저작자·발명가·과학기술자와 현행범인인 보장하기 증거인멸의 행위로 경우와 현행범인인 신체의 사생활의 시설기준과 범하고 위하여 평생교육을 통신·방송의 국민은 진흥하여야.', '승인된 한다. 신문의 확정될 침해받지 가진다. 유죄의 때까지는 확정될 아니하는 조약과 아니하며, 아니한다. 행위시의 신체의 승인된 시설기준과 진흥하여야 국제법규는 국제법규는 시설기준과 때에는 사생활의 같은 동일한 국제법규는 진흥하여야 국민은 국제법규는 침해받지.', '["리더십이 있어요", "보조개", "목소리가 좋아요", "귀가 좋아요", "로맨틱해요", "선물을 잘 고르는 편이에요", "세심한 성격이에요", "긍정적인 에너지를 가지고 있어요", "관찰력이 좋아요", "유머 감각이 있어요", "표현을 잘해요", "카리스마 있어요", "예의가 바르게 행동해요", "매력적인 사람이에요", "비율이 좋아요", "활동적이에요", "두뇌 회전이 빨라요", "창의적인 아이디어가 많아요", "잠이 많아요", "체력이 좋아요"]', '["독서", "연극", "음악", "운동", "요가", "영화", "와인", "게임", "글쓰기", "패션", "학문", "그림", "IT", "커피", "춤", "여행", "반려동물", "요리", "운전", "캠핑", "꽃", "식물", "산"]', 'ACTIVE', '2024-01-30 17:06:40', '2024-02-03 14:52:41', null, 'male-Waiter'),
        (1062, '조주하', '범찬 물산', '1996-10-26', 'MALE', '동작시', '마포시', 'ISFJ', 'INFP', 0x000000000101000000AD69DE718A0E574064CC5D4BC8F35240, 177, 'NORMAL', 'Regional Intranet As', 'IQOS', 'NON_DRINKING', 'BUDDHIST', '국내법과 형에 효력을 행위시의 정하는 해당하는 노력하여야 아니하며, 진흥하여야 바에 대하여 형에 행위시의 행위시의 영장을 법률로 일반적으로 보장하기 전통문화의 정하는 있다. 의하여 청구할 신체의 같은 판결이 위하여 아니한다. 처벌받지 계승·발전과.', '진흥하여야 모든 국내법과 조약과 때에는 도피 아니하는 자유를 때까지는 보호한다. 동일한 해당하는 비밀과 침해받지 구성하지 보장하기 보호를 통신·방송의 보장하기 사항은 기능을 정한다. 가진다. 보호한다. 국민은 재외국민을 해당하는 법률로써 진흥하여야 시설기준과.', '행위로 처벌받지 창달에 이상의 대하여 보장하기 평생교육을 국가는 예술가의 범죄를 아니한다. 모성의 사후에 확정될 동일한 의무를 형에 경우와 신체의 정한다. 형에 국내법과 법률이 재외국민을 보호한다. 창달에 전통문화의 시설기준과 전통문화의 다만,.', '["세심한 성격이에요", "잠이 많아요", "표현을 잘해요", "유머 감각이 있어요", "비율이 좋아요", "매력적인 사람이에요", "로맨틱해요", "카리스마 있어요", "보조개", "긍정적인 에너지를 가지고 있어요", "체력이 좋아요", "두뇌 회전이 빨라요", "활동적이에요"]', '["꽃", "연극", "산", "영화"]', 'ACTIVE', '2024-01-30 17:06:40', '2024-02-03 14:52:41', null, 'male-Waiter'),
        (1063, '현세한', '주식회사 진용', '1998-08-15', 'MALE', '속초군', '구미구', 'ISFJ', 'XNFP', 0x00000000010100000039454772F9AF57C0FCA9F1D24D2A53C0, 174, 'CHUBBY', 'Legacy Response Engi', 'NON_SMOKING', 'EVERYDAY', 'NONE', '무죄로 가진다. 있을 법률이 신문의 시설기준과 의무교육은 유죄의 사생활의 침해받지 법률로써 의무교육은 창달에 의무교육은 가진다. 일반적으로 소추되지 청구할 도피 경우와 사생활의 있을 계승·발전과 국가는 증거인멸의 진다. 법률에 증거인멸의 같은 필요한.', '가진다. 진흥하여야 의하여 국제법규는 범하고 판결이 행위로 통신·방송의 보호한다. 있다. 침해받지 대하여 청구할 모성의 통신·방송의 기능을 장기 확정될 국내법과 죄를 해당하는 있다. 조약과 의무교육은 민족문화의 필요한 예술가의 국민은 진흥하여야 국민은.', '평생교육을 정하는 다만, 의무를 진흥하여야 의무를 추정된다. 국가는 효력을 거듭 거듭 형에 의무를 사항은 추정된다. 일반적으로 수 법률로써 헌법에 처벌받지 행위로 유죄의 보호할 다만, 동일한 아니하며, 동일한 전통문화의 의무교육은 시설기준과.', '["세심한 성격이에요"]', '["연극", "패션", "게임", "영화", "캠핑", "여행", "커피", "운동", "그림", "학문", "글쓰기", "꽃", "독서", "산", "음악", "춤", "반려동물", "와인", "요리", "운전", "IT", "식물", "요가"]', 'ACTIVE', '2024-01-30 17:06:40', '2024-02-03 14:52:41', null, 'male-Waiter'),
        (1064, '승남율', '동우 그룹', '1993-11-18', 'MALE', '양산구', '구미구', 'ISFP', 'XSTJ', 0x000000000101000000CB10C7BAB89D39405A643BDF4FCD4D40, 158, 'MUSCULAR', 'Legacy Marketing Str', 'OCCASIONALLY', 'EVERYDAY', 'BUDDHIST', '창달에 정한다. 국민은 국민은 필요한 노력하여야 계승·발전과 일반적으로 승인된 사후에 필요한 필요한 한다. 수 평생교육을 3년 헌법에 무죄로 사항은 가진다. 의무를 법률로써 통신·방송의 청구할 유죄의 아니하는 전통문화의 의무를 있을 저작자·발명가·과학기술자와.', '법률에 비밀과 도피 의하여 보호를 모성의 기능을 모든 처벌받지 창달에 예술가의 다만, 신체의 위하여 위하여 현행범인인 동일한 국민은 정하는 민족문화의 수 사생활의 범죄를 침해받지 한다. 확정될 같은 또는 사항은 사후에.', '바에 정하는 무상으로 필요한 통신·방송의 창달에 진다. 국민은 위하여 국민은 해당하는 죄를 영장을 침해받지 법률로써 다만, 장기 죄를 국내법과 동일한 아니하는 또는 평생교육을 의무를 아니한다. 통신·방송의 법률로 국가는 진흥하여야 장기.', '["예의가 바르게 행동해요", "창의적인 아이디어가 많아요", "두뇌 회전이 빨라요", "카리스마 있어요", "잠이 많아요", "목소리가 좋아요", "세심한 성격이에요", "체력이 좋아요", "긍정적인 에너지를 가지고 있어요", "비율이 좋아요", "표현을 잘해요", "리더십이 있어요", "활동적이에요", "로맨틱해요", "유머 감각이 있어요", "귀가 좋아요", "관찰력이 좋아요"]', '["운동", "반려동물", "글쓰기", "요가", "영화", "와인"]', 'ACTIVE', '2024-01-30 17:06:40', '2024-02-03 14:52:41', null, 'male-Waiter'),
        (1065, '감기윤', '현재 전자', '1983-10-24', 'MALE', '북구', '밀양시', 'ENFJ', 'INTJ', 0x0000000001010000007B832F4CA66E62407AA52C431C4B2AC0, 151, 'SLIM_MUSCULAR', 'Customer Response Ma', 'QUIT', 'EVERYDAY', 'CATHOLIC', '3년 비밀과 처벌받지 비밀과 또는 노력하여야 승인된 사항은 보호를 대하여 모든 아니하며, 가진다. 노력하여야 아니하는 범죄에 판결이 체결·공포된 모든 추정된다. 거듭 행위로 통신·방송의 한다. 유죄의 형에 기능을 행위시의 처벌받지 일반적으로.', '이상의 이상의 경우와 또는 국제법규는 청구할 자유를 기능을 노력하여야 정하는 대하여 민족문화의 확정될 청구할 노력하여야 무죄로 통신·방송의 통신·방송의 행위로 신체의 승인된 범죄에 정한다. 보장하기 염려가 진흥하여야 같은 또는 위하여 한다..', '해당하는 위하여 아니하는 판결이 구성하지 신문의 평생교육을 창달에 저작자·발명가·과학기술자와 때에는 통신·방송의 일반적으로 보장하기 모든 계승·발전과 법률에 아니하는 확정될 현행범인인 헌법에 법률로 예술가의 아니하며, 가진다. 사후에 유죄의 수 또는 한다. 침해받지.', '["두뇌 회전이 빨라요", "세심한 성격이에요"]', '["와인", "운전", "커피", "독서", "글쓰기", "음악", "산", "요가", "게임", "여행", "그림", "패션", "반려동물", "학문"]', 'ACTIVE', '2024-01-30 17:06:40', '2024-02-03 14:52:41', null, 'male-Waiter'),
        (1066, '상준일', '동휘 연구소', '2002-11-20', 'FEMALE', '창원구', '송파군', 'ESTJ', 'XSTX', 0x00000000010100000021B07268910D3C409EEFA7C64BD750C0, 156, 'SLIM_MUSCULAR', 'Regional Quality Exe', 'OCCASIONALLY', 'OFTEN', 'NONE', '범죄를 저작자·발명가·과학기술자와 위하여 형에 필요한 전통문화의 재외국민을 무죄로 처벌받지 경우와 행위시의 저작자·발명가·과학기술자와 행위시의 경우와 아니한다. 법률에 통신·방송의 시설기준과 의무교육은 아니하는 일반적으로 노력하여야 통신·방송의 유죄의 비밀과 권리는 현행범인인 법률로써 경우와 행위시의.', '국민은 의하여 장기 저작자·발명가·과학기술자와 노력하여야 가진다. 보호를 이상의 해당하는 증거인멸의 추정된다. 의무를 예술가의 법률이 영장을 필요한 때까지는 법률에 아니한다. 일반적으로 창달에 시설기준과 동일한 국내법과 다만, 염려가 일반적으로 위하여 노력하여야 염려가.', '형사피고인은 국내법과 정하는 때까지는 권리는 의하여 바에 국내법과 국민은 도피 아니하며, 정한다. 사생활의 형에 효력을 모성의 한다. 저작자·발명가·과학기술자와 조약과 민족문화의 이상의 도피 자유를 같은 대하여 범하고 저작자·발명가·과학기술자와 평생교육을 경우와 거듭.', '["관찰력이 좋아요", "비율이 좋아요", "로맨틱해요", "긍정적인 에너지를 가지고 있어요", "선물을 잘 고르는 편이에요", "보조개", "창의적인 아이디어가 많아요", "매력적인 사람이에요", "잠이 많아요", "목소리가 좋아요", "리더십이 있어요", "체력이 좋아요", "카리스마 있어요", "유머 감각이 있어요", "표현을 잘해요", "귀가 좋아요", "세심한 성격이에요"]', '["꽃"]', 'ACTIVE', '2024-01-30 17:06:40', '2024-02-03 14:52:48', null, 'elegant-Black-Hair-Woman'),
        (1067, '은의진', '주식회사 창성', '1984-09-25', 'FEMALE', '수성구', '양산구', 'ISTP', 'ENFJ', 0x00000000010100000089D2DEE00B3327C011363CBD529E42C0, 173, 'FAT', 'Senior Directives En', 'E_CIGARETTE', 'OCCASIONALLY', 'BUDDHIST', '헌법에 사후에 승인된 헌법에 형에 보호를 모든 창달에 의무교육은 때에는 현행범인인 한다. 체결·공포된 거듭 의무를 장기 확정될 범죄를 국민은 가진다. 계승·발전과 죄를 시설기준과 모성의 진다. 법률로 의무교육은 행위로 평생교육을 노력하여야.', '확정될 창달에 때에는 다만, 범죄에 있을 사생활의 죄를 계승·발전과 때에는 거듭 사항은 사항은 행위시의 수 가진다. 계승·발전과 수 염려가 의무를 다만, 위하여 자유를 법률에 모든 구성하지 효력을 때까지는 증거인멸의 무상으로.', '행위시의 사후에 진다. 형에 가진다. 있을 형사피고인은 보호한다. 보호를 영장을 아니하며, 모든 진흥하여야 위하여 때까지는 법률로 범하고 보장하기 모든 도피 헌법에 저작자·발명가·과학기술자와 이상의 유죄의 사후에 다만, 거듭 장기 법률이 노력하여야.', '["매력적인 사람이에요", "유머 감각이 있어요", "두뇌 회전이 빨라요", "관찰력이 좋아요", "창의적인 아이디어가 많아요", "로맨틱해요", "목소리가 좋아요", "활동적이에요", "귀가 좋아요", "선물을 잘 고르는 편이에요", "세심한 성격이에요", "긍정적인 에너지를 가지고 있어요", "표현을 잘해요", "예의가 바르게 행동해요", "잠이 많아요", "카리스마 있어요"]', '["음악", "연극", "커피"]', 'ACTIVE', '2024-01-30 17:06:40', '2024-02-03 14:52:48', null, 'elegant-Black-Hair-Woman'),
        (1068, '강규섭', '한국 이혁', '1999-08-30', 'MALE', '인제군', '분당시', 'INTP', 'ESFJ', 0x00000000010100000058CA32C4B14E25C0068195438B8C2440, 157, 'CHUBBY', 'Customer Security De', 'OFTEN', 'NON_DRINKING', 'NONE', '아니하는 진다. 비밀과 보호할 있다. 의무를 행위시의 무상으로 승인된 모든 승인된 신체의 수 수 있다. 바에 이상의 있다. 사항은 염려가 정하는 소추되지 구성하지 보호를 모든 의하여 소추되지 저작자·발명가·과학기술자와 예술가의 동일한.', '행위로 보호를 아니한다. 형사피고인은 행위로 해당하는 보호할 모든 때에는 한다. 거듭 필요한 아니하는 일반적으로 국제법규는 법률에 진다. 범죄에 있다. 정한다. 효력을 사항은 소추되지 침해받지 형사피고인은 필요한 보장하기 죄를 법률로써 국제법규는.', '국내법과 효력을 행위로 한다. 저작자·발명가·과학기술자와 일반적으로 국민은 장기 있다. 조약과 정하는 정하는 의무교육은 정한다. 청구할 증거인멸의 증거인멸의 국가는 정하는 법률에 범죄에 보호한다. 죄를 조약과 도피 보호를 사항은 염려가 사항은 국내법과.', '["목소리가 좋아요", "긍정적인 에너지를 가지고 있어요", "세심한 성격이에요", "귀가 좋아요", "창의적인 아이디어가 많아요", "두뇌 회전이 빨라요"]', '["패션", "그림", "음악", "IT", "요가", "독서", "산", "여행"]', 'ACTIVE', '2024-01-30 17:06:40', '2024-02-03 14:52:41', null, 'male-Waiter'),
        (1069, '명강욱', '시오 연구소', '1983-07-22', 'MALE', '마포시', '구리시', 'ISFJ', 'ISTJ', 0x000000000101000000EE7C3F355EBA49C0E8D9ACFA5C2D2740, 165, 'SLIM_MUSCULAR', 'Internal Brand Orche', 'OFTEN', 'OFTEN', 'WONBUDDHIST', '가진다. 같은 체결·공포된 법률이 헌법에 의무교육은 정하는 있다. 아니하며, 신문의 3년 조약과 동일한 저작자·발명가·과학기술자와 사항은 3년 같은 기능을 수 보호한다. 보호할 보호한다. 법률로 창달에 비밀과 신체의 아니하는 경우와 기능을 판결이.', '현행범인인 처벌받지 유죄의 다만, 법률로써 수 추정된다. 해당하는 저작자·발명가·과학기술자와 기능을 행위로 추정된다. 형에 확정될 보장하기 정한다. 국가는 현행범인인 판결이 증거인멸의 위하여 장기 자유를 또는 청구할 같은 법률에 국내법과 경우와 노력하여야.', '무상으로 진흥하여야 법률로써 때까지는 헌법에 때까지는 다만, 효력을 저작자·발명가·과학기술자와 범하고 의무교육은 법률이 아니한다. 현행범인인 비밀과 시설기준과 기능을 법률로써 경우와 범하고 보호한다. 영장을 아니한다. 신체의 무상으로 국제법규는 아니하는 해당하는 영장을 신체의.', '["비율이 좋아요", "매력적인 사람이에요", "목소리가 좋아요", "두뇌 회전이 빨라요", "리더십이 있어요", "표현을 잘해요", "귀가 좋아요", "예의가 바르게 행동해요", "선물을 잘 고르는 편이에요", "창의적인 아이디어가 많아요", "로맨틱해요"]', '["IT", "게임", "꽃", "학문", "연극", "그림", "영화", "운전", "요리", "음악", "반려동물", "춤", "커피", "산", "식물", "운동"]', 'ACTIVE', '2024-01-30 17:06:40', '2024-02-03 14:52:41', null, 'male-Waiter'),
        (1070, '윤재경', '대용 연구소', '1999-05-27', 'FEMALE', '강릉시', '강릉군', 'INFJ', 'XSFP', 0x000000000101000000D0D556EC2F2B5AC00F9C33A2B41F48C0, 157, 'SLIM_MUSCULAR', 'Principal Factors Fa', 'E_CIGARETTE', 'EVERYDAY', 'BUDDHIST', '무죄로 법률에 기능을 권리는 창달에 창달에 바에 계승·발전과 국민은 보호를 법률로써 행위로 범하고 있다. 장기 형사피고인은 같은 바에 신체의 3년 형에 유죄의 헌법에 3년 확정될 무상으로 증거인멸의 확정될 진흥하여야 범죄를.', '증거인멸의 가진다. 의무를 아니한다. 법률이 증거인멸의 법률에 아니한다. 보장하기 해당하는 자유를 아니한다. 신문의 범죄에 노력하여야 의무교육은 형사피고인은 보장하기 무죄로 정하는 민족문화의 염려가 때까지는 조약과 조약과 확정될 범죄를 법률로 같은 형사피고인은.', '시설기준과 소추되지 대하여 범죄에 법률로 의하여 장기 정한다. 침해받지 행위시의 있다. 전통문화의 예술가의 다만, 유죄의 의하여 아니한다. 신체의 처벌받지 대하여 해당하는 정한다. 가진다. 3년 보호를 때에는 조약과 국민은 위하여 있다..', '["체력이 좋아요", "귀가 좋아요", "표현을 잘해요", "관찰력이 좋아요", "비율이 좋아요"]', '["캠핑", "그림", "와인", "산", "영화", "여행", "연극", "음악", "학문", "춤", "커피", "요리", "식물", "독서", "요가", "패션"]', 'ACTIVE', '2024-01-30 17:06:40', '2024-02-03 14:52:48', null, 'elegant-Black-Hair-Woman'),
        (1071, '지준효', '기륜 증권', '1993-11-04', 'FEMALE', '용산군', '수성시', 'ENFJ', 'XSTX', 0x000000000101000000C9E53FA4DF8A63C09487855AD3C052C0, 190, 'NORMAL', 'Lead Operations Exec', 'E_CIGARETTE', 'OFTEN', 'BUDDHIST', '해당하는 예술가의 같은 염려가 정한다. 대하여 동일한 진다. 기능을 법률로 행위로 신문의 신체의 재외국민을 일반적으로 형에 전통문화의 재외국민을 바에 시설기준과 염려가 국가는 해당하는 예술가의 위하여 구성하지 수 수 있을 국민은.', '무상으로 아니하며, 증거인멸의 3년 노력하여야 비밀과 일반적으로 정하는 정한다. 확정될 다만, 아니하며, 침해받지 효력을 아니하는 모성의 진다. 국민은 진흥하여야 계승·발전과 구성하지 경우와 형에 3년 형사피고인은 체결·공포된 범죄를 효력을 정하는 판결이.', '장기 때에는 가진다. 아니하는 전통문화의 무죄로 자유를 계승·발전과 대하여 3년 신체의 3년 판결이 범죄에 보호를 진다. 도피 죄를 예술가의 사항은 국제법규는 재외국민을 수 보호한다. 가진다. 체결·공포된 추정된다. 바에 국내법과 있을.', '["로맨틱해요", "카리스마 있어요", "활동적이에요", "유머 감각이 있어요", "매력적인 사람이에요", "두뇌 회전이 빨라요", "귀가 좋아요", "잠이 많아요"]', '["패션", "글쓰기", "운전", "영화", "그림", "여행", "요리", "꽃", "커피", "독서", "운동", "와인", "학문"]', 'ACTIVE', '2024-01-30 17:06:40', '2024-02-03 14:52:48', null, 'elegant-Black-Hair-Woman'),
        (1072, '어명진', '한국 비오', '1997-02-11', 'FEMALE', '창원군', '고창군', 'ISTJ', 'XNTJ', 0x0000000001010000008F53742497C75EC01D38674469FF3F40, 189, 'SLIM_MUSCULAR', 'District Implementat', 'NON_SMOKING', 'EVERYDAY', 'NONE', '아니하며, 비밀과 무죄로 필요한 창달에 한다. 한다. 체결·공포된 보호한다. 자유를 보호를 조약과 추정된다. 추정된다. 범하고 죄를 염려가 시설기준과 승인된 구성하지 유죄의 위하여 법률에 수 경우와 효력을 의무를 행위시의 무상으로 해당하는.', '법률로 유죄의 침해받지 판결이 사항은 이상의 거듭 이상의 시설기준과 확정될 소추되지 행위시의 의하여 바에 민족문화의 기능을 진흥하여야 때에는 기능을 계승·발전과 신문의 아니하는 모성의 무죄로 국제법규는 한다. 신문의 비밀과 사생활의 유죄의.', '헌법에 무상으로 아니하는 영장을 국내법과 전통문화의 처벌받지 효력을 신문의 구성하지 통신·방송의 평생교육을 진다. 구성하지 구성하지 진흥하여야 창달에 창달에 조약과 해당하는 행위로 소추되지 행위시의 판결이 영장을 조약과 신문의 이상의 죄를 한다..', '["유머 감각이 있어요", "선물을 잘 고르는 편이에요", "두뇌 회전이 빨라요", "긍정적인 에너지를 가지고 있어요", "보조개", "표현을 잘해요", "관찰력이 좋아요", "귀가 좋아요", "목소리가 좋아요", "리더십이 있어요", "매력적인 사람이에요", "비율이 좋아요"]', '["글쓰기", "요가", "캠핑", "반려동물", "게임", "식물", "연극", "운동", "그림", "꽃", "춤"]', 'ACTIVE', '2024-01-30 17:06:40', '2024-02-03 14:52:48', null, 'elegant-Black-Hair-Woman'),
        (1073, '현석범', '주식회사 승용', '1999-05-31', 'FEMALE', '목포구', '고성시', 'ESFP', 'XSTX', 0x00000000010100000048BF7D1D38E35240D1915CFE432A3240, 186, 'SKINNY', 'Product Infrastructu', 'E_CIGARETTE', 'OFTEN', 'CATHOLIC', '법률에 보호한다. 정하는 예술가의 한다. 의하여 진흥하여야 권리는 진흥하여야 청구할 도피 사후에 노력하여야 또는 이상의 권리는 국내법과 국민은 의무교육은 청구할 저작자·발명가·과학기술자와 자유를 통신·방송의 법률에 권리는 저작자·발명가·과학기술자와 염려가 재외국민을 통신·방송의 형에.', '무죄로 있을 다만, 의무교육은 거듭 무상으로 형사피고인은 경우와 창달에 형사피고인은 거듭 시설기준과 시설기준과 의하여 조약과 계승·발전과 수 가진다. 범하고 정하는 사항은 법률로 정한다. 범하고 이상의 비밀과 모성의 바에 조약과 예술가의.', '구성하지 장기 판결이 3년 형에 국내법과 때까지는 사항은 청구할 의하여 수 체결·공포된 있을 경우와 있을 구성하지 범하고 3년 처벌받지 경우와 승인된 기능을 진다. 필요한 예술가의 예술가의 정한다. 보호를 3년 추정된다..', '["카리스마 있어요", "세심한 성격이에요", "귀가 좋아요", "활동적이에요"]', '["반려동물", "커피", "IT", "와인", "식물", "꽃", "그림", "요리", "춤", "음악", "요가", "독서", "운전", "운동", "여행", "게임"]', 'ACTIVE', '2024-01-30 17:06:40', '2024-02-03 14:52:48', null, 'elegant-Black-Hair-Woman'),
        (1074, '상무성', '주식회사 바름', '1995-05-15', 'FEMALE', '양양구', '남원구', 'ISFP', 'ENFP', 0x0000000001010000000E2DB29DEFBB5AC0FF21FDF6752039C0, 150, 'NORMAL', 'Senior Tactics Desig', 'QUIT', 'EVERYDAY', 'BUDDHIST', '자유를 필요한 계승·발전과 있다. 자유를 헌법에 법률로 죄를 장기 보호한다. 계승·발전과 같은 아니한다. 사항은 침해받지 형사피고인은 침해받지 사항은 기능을 계승·발전과 침해받지 처벌받지 청구할 대하여 때까지는 자유를 승인된 증거인멸의 수 헌법에.', '진다. 법률에 아니하며, 재외국민을 보호한다. 다만, 대하여 정하는 3년 자유를 민족문화의 아니한다. 위하여 승인된 동일한 범죄에 또는 법률로써 민족문화의 승인된 법률로써 창달에 거듭 재외국민을 의무교육은 있다. 보호할 계승·발전과 체결·공포된 3년.', '권리는 재외국민을 일반적으로 법률로 범죄를 평생교육을 재외국민을 기능을 죄를 구성하지 승인된 사후에 있다. 증거인멸의 도피 노력하여야 청구할 자유를 조약과 구성하지 보호를 정한다. 보호를 법률에 계승·발전과 보호를 사항은 국제법규는 도피 모든.', '["목소리가 좋아요", "표현을 잘해요", "귀가 좋아요", "긍정적인 에너지를 가지고 있어요", "카리스마 있어요", "로맨틱해요", "보조개", "체력이 좋아요", "관찰력이 좋아요", "리더십이 있어요", "비율이 좋아요", "선물을 잘 고르는 편이에요", "유머 감각이 있어요", "매력적인 사람이에요"]', '["산", "패션", "연극"]', 'ACTIVE', '2024-01-30 17:06:40', '2024-02-03 14:52:48', null, 'elegant-Black-Hair-Woman'),
        (1075, '진석환', '한국 도진', '1985-08-02', 'MALE', '양산구', '구리시', 'INTP', 'ENTP', 0x0000000001010000007D3F355EBA455BC0645DDC4603B84EC0, 183, 'MUSCULAR', 'International Functi', 'NON_SMOKING', 'OCCASIONALLY', 'CHRISTIAN', '재외국민을 창달에 노력하여야 정하는 기능을 무죄로 사후에 정한다. 같은 이상의 국제법규는 예술가의 바에 효력을 국제법규는 확정될 법률로써 위하여 보호를 국가는 가진다. 바에 저작자·발명가·과학기술자와 효력을 의무를 한다. 의무교육은 모성의 권리는 다만,.', '사항은 경우와 아니하는 행위로 가진다. 헌법에 의무를 의하여 헌법에 행위로 확정될 신체의 이상의 국가는 효력을 형에 국제법규는 모성의 시설기준과 위하여 예술가의 도피 기능을 침해받지 비밀과 시설기준과 의무교육은 거듭 보호할 다만,.', '비밀과 보호한다. 시설기준과 계승·발전과 신문의 때에는 무상으로 국내법과 시설기준과 자유를 소추되지 처벌받지 위하여 조약과 법률에 재외국민을 판결이 모든 시설기준과 추정된다. 한다. 국제법규는 아니하는 계승·발전과 사생활의 국내법과 현행범인인 전통문화의 범하고 국민은.', '["카리스마 있어요", "귀가 좋아요", "두뇌 회전이 빨라요", "유머 감각이 있어요", "매력적인 사람이에요", "활동적이에요", "긍정적인 에너지를 가지고 있어요", "창의적인 아이디어가 많아요"]', '["요리", "그림", "꽃", "커피", "여행", "패션", "춤", "IT", "반려동물", "운동", "캠핑", "영화", "음악", "요가", "식물", "게임", "연극", "산", "학문", "독서"]', 'ACTIVE', '2024-01-30 17:06:40', '2024-02-03 14:52:41', null, 'male-Waiter'),
        (1076, '마기범', '한국 정웅', '1986-05-12', 'MALE', '거창구', '목포군', 'ENTP', 'ESTP', 0x00000000010100000057EC2FBB27E355C0C139234A7BEB47C0, 175, 'FAT', 'Central Quality Prod', 'E_CIGARETTE', 'EVERYDAY', 'CHRISTIAN', '장기 확정될 무상으로 또는 때에는 유죄의 죄를 정하는 동일한 소추되지 효력을 정하는 의무교육은 아니한다. 모든 정하는 침해받지 증거인멸의 국가는 필요한 보장하기 보호할 계승·발전과 필요한 무상으로 추정된다. 사후에 전통문화의 기능을 염려가.', '권리는 통신·방송의 일반적으로 판결이 체결·공포된 무상으로 일반적으로 침해받지 이상의 소추되지 있을 아니하며, 도피 평생교육을 정하는 판결이 모성의 범죄에 아니하며, 아니하며, 기능을 통신·방송의 보호를 법률로써 범죄에 형에 보호를 유죄의 비밀과 같은.', '보장하기 아니하는 법률로 체결·공포된 한다. 의무를 자유를 영장을 증거인멸의 범죄에 진흥하여야 정한다. 거듭 체결·공포된 있다. 아니하며, 보호를 같은 대하여 법률로 유죄의 도피 때까지는 정하는 청구할 법률로 사생활의 해당하는 비밀과 이상의.', '["활동적이에요", "체력이 좋아요", "보조개", "관찰력이 좋아요", "두뇌 회전이 빨라요", "세심한 성격이에요", "긍정적인 에너지를 가지고 있어요", "창의적인 아이디어가 많아요", "카리스마 있어요", "매력적인 사람이에요", "로맨틱해요", "귀가 좋아요", "목소리가 좋아요", "예의가 바르게 행동해요", "선물을 잘 고르는 편이에요"]', '["그림"]', 'ACTIVE', '2024-01-30 17:06:40', '2024-02-03 14:52:41', null, 'male-Waiter'),
        (1077, '라찬열', '웅빈 전자', '2002-10-28', 'MALE', '양산구', '속초시', 'ENTJ', 'XSTJ', 0x000000000101000000567DAEB6625F554012A5BDC1178A55C0, 165, 'MUSCULAR', 'Internal Interaction', 'E_CIGARETTE', 'OCCASIONALLY', 'NONE', '진다. 계승·발전과 한다. 법률에 계승·발전과 아니하며, 전통문화의 대하여 국제법규는 이상의 보장하기 사항은 범죄를 또는 아니하며, 다만, 사생활의 침해받지 의무를 행위로 무죄로 의하여 법률로 범죄를 이상의 청구할 바에 처벌받지 보호한다. 형에.', '한다. 장기 사생활의 증거인멸의 청구할 도피 때까지는 국민은 정한다. 행위시의 권리는 법률에 기능을 해당하는 범하고 조약과 행위로 범죄에 바에 추정된다. 정한다. 거듭 진다. 수 확정될 유죄의 진흥하여야 의무교육은 장기 창달에.', '처벌받지 국내법과 바에 무죄로 처벌받지 장기 때까지는 현행범인인 법률로 승인된 일반적으로 법률로써 헌법에 재외국민을 국민은 계승·발전과 무죄로 승인된 염려가 형에 추정된다. 법률에 권리는 국민은 경우와 무죄로 죄를 모든 의무교육은 때까지는.', '["표현을 잘해요", "매력적인 사람이에요", "활동적이에요"]', '["커피", "학문", "식물", "운동", "꽃", "영화"]', 'ACTIVE', '2024-01-30 17:06:40', '2024-02-03 14:52:41', null, 'male-Waiter'),
        (1078, '류서원', '원희 중공업', '1992-12-17', 'FEMALE', '강릉구', '김천군', 'INFJ', 'ENFP', 0x00000000010100000060E5D022DBF959C0832F4CA60A662F40, 158, 'FAT', 'Future Applications ', 'NON_SMOKING', 'OFTEN', 'WONBUDDHIST', '재외국민을 의무교육은 신문의 있을 국내법과 같은 가진다. 경우와 같은 범죄를 모든 체결·공포된 자유를 때에는 아니하며, 3년 있을 한다. 통신·방송의 의무를 사생활의 또는 체결·공포된 판결이 필요한 행위시의 또는 조약과 염려가 형사피고인은.', '무죄로 정한다. 기능을 모성의 범죄에 평생교육을 노력하여야 의무교육은 국내법과 같은 때에는 승인된 있을 보호한다. 기능을 무죄로 증거인멸의 조약과 기능을 재외국민을 조약과 정하는 국제법규는 승인된 법률에 저작자·발명가·과학기술자와 필요한 신체의 체결·공포된 해당하는.', '모성의 모성의 범하고 보호할 있을 구성하지 모든 조약과 형에 통신·방송의 3년 권리는 현행범인인 승인된 죄를 의하여 의하여 가진다. 한다. 청구할 한다. 조약과 장기 범하고 위하여 경우와 통신·방송의 정하는 진다. 법률로.', '["두뇌 회전이 빨라요"]', '["연극", "그림", "여행", "커피", "요가", "캠핑", "운동", "글쓰기", "와인", "운전", "식물", "학문", "요리", "패션", "꽃"]', 'ACTIVE', '2024-01-30 17:06:40', '2024-02-03 14:52:48', null, 'elegant-Black-Hair-Woman'),
        (1079, '감원식', '한국 규찬', '1994-04-20', 'MALE', '부천군', '영주군', 'INTP', 'XSTJ', 0x0000000001010000008B6CE7FBA9016540E5D022DBF97E5440, 189, 'CHUBBY', 'Product Accountabili', 'E_CIGARETTE', 'OCCASIONALLY', 'CHRISTIAN', '사항은 아니하는 장기 신문의 형에 국민은 형에 의무교육은 법률이 형사피고인은 효력을 보호할 국가는 전통문화의 민족문화의 의무를 청구할 권리는 승인된 대하여 추정된다. 행위로 장기 법률에 아니하는 바에 권리는 국가는 전통문화의 체결·공포된.', '한다. 사항은 법률이 정한다. 사항은 보호를 경우와 의하여 사생활의 형사피고인은 죄를 법률로써 장기 국민은 침해받지 법률로 때에는 3년 침해받지 권리는 구성하지 현행범인인 체결·공포된 국가는 또는 추정된다. 평생교육을 또는 죄를 아니하는.', '헌법에 효력을 해당하는 국민은 진다. 권리는 시설기준과 민족문화의 예술가의 가진다. 의무교육은 저작자·발명가·과학기술자와 필요한 국내법과 보호할 진흥하여야 국민은 확정될 창달에 해당하는 있다. 해당하는 조약과 무상으로 때까지는 무죄로 범죄를 법률에 해당하는 의무를.', '["두뇌 회전이 빨라요", "로맨틱해요", "잠이 많아요", "목소리가 좋아요", "리더십이 있어요"]', '["여행", "요가", "반려동물", "캠핑", "춤", "요리", "패션", "독서", "식물", "그림", "게임", "꽃", "학문", "음악", "와인", "운전", "운동", "산", "영화", "글쓰기", "연극", "IT", "커피"]', 'ACTIVE', '2024-01-30 17:06:40', '2024-02-03 14:52:41', null, 'male-Waiter'),
        (1080, '표재후', '주식회사 채호', '2002-01-23', 'MALE', '수원군', '밀양시', 'ESFJ', 'ENFJ', 0x00000000010100000057EC2FBB27FB59C096B20C71AC935240, 190, 'NORMAL', 'Chief Communications', 'E_CIGARETTE', 'EVERYDAY', 'CHRISTIAN', '재외국민을 진흥하여야 또는 구성하지 보장하기 법률이 3년 대하여 재외국민을 법률이 경우와 사생활의 수 이상의 승인된 가진다. 있다. 보호할 평생교육을 무상으로 위하여 증거인멸의 의무를 영장을 국내법과 대하여 법률로 창달에 거듭 모든.', '계승·발전과 형사피고인은 때에는 일반적으로 진다. 범하고 재외국민을 계승·발전과 한다. 진흥하여야 진흥하여야 장기 가진다. 아니하는 침해받지 필요한 보호한다. 유죄의 한다. 시설기준과 거듭 보호를 이상의 진흥하여야 사항은 3년 처벌받지 유죄의 청구할 법률로.', '있다. 계승·발전과 영장을 의무교육은 재외국민을 민족문화의 한다. 아니하는 통신·방송의 창달에 행위시의 수 헌법에 권리는 또는 모성의 법률로 보호할 국내법과 재외국민을 동일한 이상의 형에 아니하는 보호한다. 효력을 진흥하여야 행위로 진다. 정한다..', '["관찰력이 좋아요", "비율이 좋아요", "활동적이에요", "귀가 좋아요", "매력적인 사람이에요", "세심한 성격이에요", "로맨틱해요", "예의가 바르게 행동해요"]', '["반려동물", "식물", "독서", "IT", "산", "학문", "꽃", "커피"]', 'ACTIVE', '2024-01-30 17:06:40', '2024-02-03 14:52:41', null, 'male-Waiter'),
        (1081, '여세찬', '한국 장훈', '1995-09-13', 'MALE', '송파구', '광산시', 'ISFJ', 'ISTJ', 0x00000000010100000045D8F0F44A1362407DD0B359F5855240, 188, 'SKINNY', 'Product Tactics Prod', 'E_CIGARETTE', 'EVERYDAY', 'CHRISTIAN', '한다. 체결·공포된 저작자·발명가·과학기술자와 국가는 시설기준과 도피 헌법에 아니하는 있다. 보장하기 처벌받지 장기 법률이 아니하는 대하여 또는 효력을 신체의 침해받지 정한다. 헌법에 이상의 신체의 창달에 권리는 법률이 재외국민을 도피 도피 때까지는.', '의하여 아니하며, 가진다. 보호한다. 있다. 보장하기 체결·공포된 진다. 효력을 수 국내법과 진흥하여야 3년 무죄로 승인된 현행범인인 예술가의 대하여 같은 경우와 때에는 행위시의 청구할 형에 무죄로 때까지는 자유를 형사피고인은 해당하는 무상으로.', '아니하는 국민은 전통문화의 장기 청구할 체결·공포된 의무를 법률로 한다. 아니한다. 법률이 증거인멸의 헌법에 보호할 행위시의 법률이 모든 국제법규는 의무를 처벌받지 때까지는 시설기준과 보호한다. 침해받지 법률이 계승·발전과 저작자·발명가·과학기술자와 법률로써 판결이 범죄를.', '["두뇌 회전이 빨라요", "선물을 잘 고르는 편이에요", "비율이 좋아요", "관찰력이 좋아요", "창의적인 아이디어가 많아요", "매력적인 사람이에요", "로맨틱해요", "유머 감각이 있어요", "체력이 좋아요", "예의가 바르게 행동해요", "보조개", "세심한 성격이에요", "긍정적인 에너지를 가지고 있어요", "잠이 많아요", "활동적이에요", "카리스마 있어요", "귀가 좋아요"]', '["꽃", "요리", "패션", "여행", "게임", "그림", "연극", "산", "캠핑", "음악", "커피", "운전", "요가", "영화", "반려동물", "춤", "독서", "IT", "와인", "글쓰기", "운동", "식물", "학문"]', 'ACTIVE', '2024-01-30 17:06:40', '2024-02-03 14:52:41', null, 'male-Waiter'),
        (1082, '태규람', '한국 효인', '1986-12-14', 'FEMALE', '전주군', '김천군', 'ISTJ', 'XSFP', 0x0000000001010000006B9A779CA2E751C0D0B359F5B9DA4DC0, 150, 'CHUBBY', 'Corporate Web Liaiso', 'QUIT', 'NON_DRINKING', 'WONBUDDHIST', '이상의 있을 아니하며, 영장을 또는 가진다. 의무를 법률이 승인된 진흥하여야 증거인멸의 시설기준과 시설기준과 신문의 전통문화의 때에는 신체의 처벌받지 사생활의 동일한 비밀과 아니한다. 가진다. 신문의 진다. 법률이 모성의 대하여 처벌받지 모성의.', '무죄로 모든 위하여 거듭 사항은 재외국민을 판결이 전통문화의 창달에 비밀과 재외국민을 대하여 범하고 위하여 소추되지 승인된 행위시의 신체의 또는 승인된 신체의 범죄에 해당하는 형에 전통문화의 모성의 승인된 자유를 때에는 사생활의.', '유죄의 아니하는 범죄를 바에 통신·방송의 사후에 처벌받지 전통문화의 국내법과 대하여 장기 장기 모든 의하여 사후에 통신·방송의 신문의 영장을 법률에 있다. 권리는 영장을 3년 증거인멸의 계승·발전과 기능을 사생활의 아니한다. 의무교육은 거듭.', '["잠이 많아요", "비율이 좋아요", "유머 감각이 있어요", "세심한 성격이에요", "선물을 잘 고르는 편이에요", "보조개", "활동적이에요", "로맨틱해요", "체력이 좋아요", "창의적인 아이디어가 많아요", "카리스마 있어요", "리더십이 있어요"]', '["반려동물", "연극", "독서", "춤", "IT", "운동", "커피", "패션"]', 'ACTIVE', '2024-01-30 17:06:40', '2024-02-03 14:52:48', null, 'elegant-Black-Hair-Woman'),
        (1083, '인나겸', '한국 두호', '2003-12-21', 'FEMALE', '광산군', '창원구', 'ENFJ', 'ESTP', 0x000000000101000000DD24068195A32EC046B6F3FDD4D04840, 171, 'MUSCULAR', 'International Brandi', 'NON_SMOKING', 'OFTEN', 'NONE', '조약과 청구할 경우와 행위시의 염려가 계승·발전과 확정될 있다. 범죄를 통신·방송의 법률로 구성하지 법률로 같은 사생활의 염려가 권리는 해당하는 이상의 처벌받지 법률에 시설기준과 형사피고인은 저작자·발명가·과학기술자와 때까지는 무상으로 있을 필요한 의하여 사생활의.', '국가는 대하여 보호한다. 일반적으로 신체의 대하여 아니하는 보호한다. 정하는 아니하는 권리는 범죄를 아니한다. 법률이 있을 범죄를 침해받지 진다. 도피 때까지는 시설기준과 바에 범죄에 다만, 국내법과 법률로써 있다. 추정된다. 재외국민을 모성의.', '가진다. 법률에 판결이 기능을 창달에 사후에 보장하기 행위로 아니한다. 신문의 일반적으로 죄를 유죄의 행위로 현행범인인 국내법과 아니한다. 보호할 3년 진흥하여야 권리는 같은 수 가진다. 시설기준과 헌법에 비밀과 의하여 보호한다. 승인된.', '["긍정적인 에너지를 가지고 있어요", "보조개", "관찰력이 좋아요", "체력이 좋아요", "세심한 성격이에요", "선물을 잘 고르는 편이에요", "유머 감각이 있어요"]', '["운동", "와인", "글쓰기", "게임", "패션", "춤", "커피", "영화", "독서", "요가", "IT", "식물", "요리", "음악", "운전", "꽃", "연극", "반려동물", "캠핑", "여행", "학문"]', 'ACTIVE', '2024-01-30 17:06:40', '2024-02-03 14:52:48', null, 'elegant-Black-Hair-Woman'),
        (1084, '추종성', '기훈 코리아', '1982-01-29', 'MALE', '남원시', '전주시', 'INTP', 'XNTP', 0x00000000010100000004560E2DB2915DC02D431CEBE2367A3F, 171, 'FAT', 'Lead Marketing Repre', 'QUIT', 'NON_DRINKING', 'CATHOLIC', '현행범인인 사후에 유죄의 보호한다. 수 국민은 법률로써 구성하지 자유를 시설기준과 효력을 노력하여야 처벌받지 증거인멸의 행위시의 창달에 행위로 예술가의 모든 염려가 구성하지 동일한 모성의 아니한다. 행위로 사생활의 국민은 의하여 구성하지 보호한다..', '같은 신체의 사생활의 정하는 예술가의 노력하여야 도피 보호할 아니하며, 기능을 의무를 청구할 추정된다. 신체의 증거인멸의 소추되지 확정될 신체의 법률로 의무교육은 체결·공포된 경우와 신체의 기능을 행위시의 시설기준과 무상으로 의하여 현행범인인 필요한.', '또는 영장을 정하는 청구할 체결·공포된 범죄에 형에 민족문화의 보호할 국제법규는 저작자·발명가·과학기술자와 바에 재외국민을 도피 승인된 한다. 아니하며, 있다. 법률에 법률로 평생교육을 처벌받지 의하여 국가는 아니하며, 있을 아니하며, 거듭 의하여 조약과.', '["귀가 좋아요", "목소리가 좋아요", "매력적인 사람이에요", "활동적이에요", "로맨틱해요", "관찰력이 좋아요", "창의적인 아이디어가 많아요", "리더십이 있어요", "카리스마 있어요", "선물을 잘 고르는 편이에요", "보조개", "체력이 좋아요", "두뇌 회전이 빨라요", "잠이 많아요", "예의가 바르게 행동해요", "비율이 좋아요", "유머 감각이 있어요", "세심한 성격이에요", "표현을 잘해요", "긍정적인 에너지를 가지고 있어요"]', '["식물", "반려동물", "학문", "그림", "글쓰기"]', 'ACTIVE', '2024-01-30 17:06:40', '2024-02-03 14:52:41', null, 'male-Waiter'),
        (1085, '황윤진', '주식회사 건우', '1985-10-06', 'FEMALE', '안양구', '용산군', 'ESFJ', 'XNTP', 0x000000000101000000986E1283C0A24F40D42B6519E26C5440, 190, 'CHUBBY', 'Lead Integration Spe', 'IQOS', 'EVERYDAY', 'BUDDHIST', '평생교육을 무상으로 범죄에 위하여 통신·방송의 있다. 무죄로 비밀과 정한다. 3년 염려가 의하여 효력을 의무교육은 신문의 청구할 판결이 침해받지 법률로 아니하는 통신·방송의 위하여 권리는 보호할 법률에 신문의 3년 범죄에 국내법과 진흥하여야.', '무상으로 또는 행위로 수 계승·발전과 국가는 국제법규는 때까지는 형사피고인은 침해받지 기능을 국민은 확정될 보장하기 민족문화의 조약과 자유를 구성하지 체결·공포된 모성의 체결·공포된 유죄의 보호를 효력을 해당하는 의하여 가진다. 필요한 모성의 기능을.', '범하고 기능을 일반적으로 진흥하여야 추정된다. 국가는 유죄의 재외국민을 모성의 사생활의 가진다. 승인된 추정된다. 창달에 국내법과 정한다. 의무를 권리는 비밀과 국가는 죄를 가진다. 평생교육을 무죄로 범죄를 판결이 경우와 국제법규는 비밀과 확정될.', '["두뇌 회전이 빨라요", "잠이 많아요", "로맨틱해요", "관찰력이 좋아요", "긍정적인 에너지를 가지고 있어요", "보조개", "목소리가 좋아요", "세심한 성격이에요", "카리스마 있어요"]', '["글쓰기", "음악", "커피", "운동", "요가", "그림"]', 'ACTIVE', '2024-01-30 17:06:40', '2024-02-03 14:52:48', null, 'elegant-Black-Hair-Woman'),
        (1086, '차유완', '주식회사 해성', '2000-06-10', 'FEMALE', '구리군', '수원구', 'ENFP', 'ENFJ', 0x000000000101000000F853E3A59BF05DC01CEBE2361A704FC0, 176, 'SKINNY', 'Chief Metrics Consul', 'IQOS', 'OFTEN', 'OTHER', '법률로 사생활의 거듭 국제법규는 국내법과 침해받지 영장을 의무교육은 아니한다. 아니하며, 자유를 이상의 보호한다. 일반적으로 조약과 국내법과 국제법규는 계승·발전과 법률이 형사피고인은 진흥하여야 대하여 조약과 이상의 의무교육은 때에는 처벌받지 사항은 사항은 사항은.', '때에는 가진다. 보호한다. 때에는 법률이 있다. 기능을 수 같은 기능을 기능을 예술가의 아니하며, 정한다. 청구할 같은 다만, 형에 대하여 진다. 시설기준과 같은 정하는 다만, 체결·공포된 진다. 형에 보호를 신문의 같은.', '체결·공포된 대하여 체결·공포된 필요한 소추되지 처벌받지 모성의 대하여 법률로 다만, 진다. 자유를 사후에 청구할 보호할 창달에 법률에 사항은 법률로써 행위로 장기 전통문화의 체결·공포된 형사피고인은 사항은 필요한 자유를 신문의 있을 국제법규는.', '["로맨틱해요", "잠이 많아요", "관찰력이 좋아요", "창의적인 아이디어가 많아요"]', '["요리", "학문", "IT", "산", "운동", "커피", "식물", "캠핑", "반려동물", "게임", "여행", "와인", "글쓰기", "운전", "연극", "그림", "꽃", "요가", "춤", "영화", "독서", "패션"]', 'ACTIVE', '2024-01-30 17:06:40', '2024-02-03 14:52:48', null, 'elegant-Black-Hair-Woman'),
        (1087, '견충민', '주식회사 성균', '1988-03-12', 'FEMALE', '수성시', '부평군', 'INFJ', 'ENFP', 0x000000000101000000780B24287E0C62408FC2F5285C874A40, 170, 'CHUBBY', 'Chief Division Coord', 'OCCASIONALLY', 'EVERYDAY', 'CATHOLIC', '비밀과 법률에 민족문화의 행위시의 무상으로 의무를 경우와 거듭 확정될 모성의 정한다. 일반적으로 해당하는 저작자·발명가·과학기술자와 형에 현행범인인 이상의 또는 의무를 예술가의 법률이 민족문화의 재외국민을 아니하며, 보호할 때에는 승인된 국민은 가진다. 비밀과.', '침해받지 같은 있을 국제법규는 범하고 같은 모성의 일반적으로 확정될 노력하여야 전통문화의 법률로 조약과 저작자·발명가·과학기술자와 가진다. 추정된다. 법률로써 도피 국민은 권리는 신체의 법률로써 헌법에 보장하기 법률에 보장하기 필요한 행위로 추정된다. 평생교육을.', '헌법에 노력하여야 대하여 있을 아니한다. 법률로 일반적으로 위하여 같은 보장하기 일반적으로 3년 죄를 해당하는 권리는 승인된 때에는 있다. 거듭 같은 또는 아니한다. 추정된다. 전통문화의 경우와 조약과 국내법과 같은 사후에 승인된.', '["매력적인 사람이에요", "유머 감각이 있어요", "선물을 잘 고르는 편이에요", "관찰력이 좋아요", "로맨틱해요", "비율이 좋아요", "활동적이에요", "카리스마 있어요", "표현을 잘해요", "창의적인 아이디어가 많아요", "리더십이 있어요", "두뇌 회전이 빨라요", "보조개", "체력이 좋아요", "귀가 좋아요", "잠이 많아요"]', '["식물", "꽃", "연극", "여행", "IT", "반려동물", "학문", "패션", "독서", "운전", "캠핑", "음악", "그림", "요리", "운동", "글쓰기"]', 'ACTIVE', '2024-01-30 17:06:40', '2024-02-03 14:52:48', null, 'elegant-Black-Hair-Woman'),
        (1088, '표성철', '한국 하루', '1999-05-13', 'MALE', '남구', '안양시', 'ESTP', 'ESTP', 0x00000000010100000013F241CF66D960C007F01648503C3240, 169, 'SLIM_MUSCULAR', 'Future Group Represe', 'OCCASIONALLY', 'OCCASIONALLY', 'CATHOLIC', '아니하며, 일반적으로 대하여 필요한 신체의 노력하여야 진흥하여야 법률로써 사후에 거듭 의무를 필요한 평생교육을 국내법과 체결·공포된 재외국민을 형사피고인은 형에 효력을 위하여 보호를 계승·발전과 유죄의 있을 창달에 확정될 거듭 장기 법률이 평생교육을.', '이상의 권리는 아니하며, 체결·공포된 모든 의하여 법률로써 유죄의 진다. 다만, 국내법과 보호한다. 염려가 무상으로 때까지는 3년 헌법에 죄를 조약과 예술가의 아니하는 아니하는 추정된다. 국가는 예술가의 권리는 바에 평생교육을 정한다. 범하고.', '평생교육을 평생교육을 범죄에 사생활의 바에 소추되지 모든 있을 평생교육을 증거인멸의 아니하는 시설기준과 창달에 다만, 현행범인인 장기 모든 모든 때에는 유죄의 신문의 수 권리는 노력하여야 바에 필요한 아니하며, 보호를 보장하기 구성하지.', '["매력적인 사람이에요", "보조개", "카리스마 있어요", "표현을 잘해요", "선물을 잘 고르는 편이에요", "목소리가 좋아요", "귀가 좋아요", "관찰력이 좋아요", "로맨틱해요"]', '["학문", "춤", "영화", "운전", "꽃", "패션", "산", "IT", "여행", "캠핑", "와인", "요리", "반려동물", "식물", "게임", "운동", "연극", "독서", "그림", "커피", "음악", "글쓰기"]', 'ACTIVE', '2024-01-30 17:06:40', '2024-02-03 14:52:41', null, 'male-Waiter'),
        (1089, '고윤겸', '한국 이혁', '1988-04-28', 'MALE', '남원군', '목포군', 'ESTP', 'INTP', 0x000000000101000000107A36AB3E6B63C05BB1BFEC9E8C53C0, 150, 'MUSCULAR', 'Lead Paradigm Assist', 'NON_SMOKING', 'OFTEN', 'OTHER', '동일한 헌법에 구성하지 장기 신문의 무죄로 아니하는 권리는 소추되지 때에는 효력을 보장하기 권리는 범죄에 다만, 때에는 비밀과 위하여 영장을 무상으로 체결·공포된 통신·방송의 처벌받지 효력을 정하는 도피 현행범인인 도피 소추되지 또는.', '범죄에 도피 3년 국제법규는 있다. 의하여 정한다. 같은 도피 의하여 정한다. 일반적으로 같은 계승·발전과 국내법과 노력하여야 효력을 보장하기 사후에 3년 증거인멸의 민족문화의 처벌받지 형사피고인은 법률이 기능을 보호할 무죄로 죄를 모든.', '형사피고인은 사후에 정하는 아니하며, 가진다. 신체의 경우와 승인된 모든 일반적으로 이상의 시설기준과 정하는 아니하며, 수 신문의 비밀과 또는 사생활의 행위시의 평생교육을 기능을 청구할 유죄의 보호를 의하여 저작자·발명가·과학기술자와 헌법에 모성의 진흥하여야.', '["유머 감각이 있어요", "보조개", "체력이 좋아요", "귀가 좋아요", "창의적인 아이디어가 많아요", "활동적이에요", "선물을 잘 고르는 편이에요", "비율이 좋아요", "매력적인 사람이에요", "카리스마 있어요", "예의가 바르게 행동해요", "세심한 성격이에요", "표현을 잘해요", "로맨틱해요", "잠이 많아요"]', '["캠핑", "와인", "음악", "춤", "그림", "꽃"]', 'ACTIVE', '2024-01-30 17:06:40', '2024-02-03 14:52:41', null, 'male-Waiter'),
        (1090, '추정현', '주식회사 율우', '2000-12-13', 'FEMALE', '광산군', '분당구', 'ISFP', 'ENFJ', 0x0000000001010000007E1D386744D936C09CA223B9FC373A40, 183, 'NORMAL', 'Senior Functionality', 'IQOS', 'OCCASIONALLY', 'OTHER', '정하는 청구할 죄를 무죄로 노력하여야 조약과 신체의 통신·방송의 한다. 효력을 신문의 소추되지 예술가의 시설기준과 신체의 범죄에 체결·공포된 아니하며, 기능을 비밀과 형사피고인은 아니한다. 판결이 국내법과 무상으로 법률에 정한다. 이상의 이상의 있을.', '저작자·발명가·과학기술자와 처벌받지 있다. 증거인멸의 진다. 모든 있다. 일반적으로 보호할 국제법규는 형사피고인은 비밀과 아니하며, 추정된다. 국제법규는 동일한 국내법과 승인된 의하여 신문의 법률에 침해받지 행위로 추정된다. 범죄에 전통문화의 법률로써 소추되지 판결이 민족문화의.', '진흥하여야 3년 시설기준과 아니한다. 의무교육은 위하여 이상의 효력을 경우와 국제법규는 있다. 권리는 또는 행위시의 행위시의 정한다. 도피 때에는 위하여 증거인멸의 모든 한다. 의무를 비밀과 있다. 정한다. 가진다. 민족문화의 사생활의 확정될.', '["세심한 성격이에요", "보조개", "목소리가 좋아요", "관찰력이 좋아요", "카리스마 있어요", "표현을 잘해요", "두뇌 회전이 빨라요", "리더십이 있어요", "선물을 잘 고르는 편이에요", "활동적이에요", "체력이 좋아요", "긍정적인 에너지를 가지고 있어요", "잠이 많아요", "창의적인 아이디어가 많아요", "유머 감각이 있어요", "비율이 좋아요", "로맨틱해요", "귀가 좋아요"]', '["캠핑", "영화"]', 'ACTIVE', '2024-01-30 17:06:40', '2024-02-03 14:52:48', null, 'elegant-Black-Hair-Woman'),
        (1091, '라휼', '앤드 공사', '2003-03-13', 'MALE', '안양구', '구리군', 'ISTP', 'INFJ', 0x00000000010100000068226C787AA150C01D38674469E740C0, 170, 'MUSCULAR', 'Dynamic Integration ', 'OFTEN', 'OFTEN', 'CATHOLIC', '예술가의 효력을 범하고 보호할 거듭 동일한 사항은 경우와 권리는 때에는 같은 신체의 통신·방송의 사후에 증거인멸의 대하여 체결·공포된 이상의 법률로 염려가 법률로 창달에 수 때까지는 장기 수 거듭 사항은 보장하기 해당하는.', '동일한 보장하기 시설기준과 3년 보호를 형에 한다. 일반적으로 3년 신체의 범하고 필요한 의무교육은 법률로 사항은 법률로써 장기 죄를 모성의 범죄에 해당하는 보호할 재외국민을 이상의 행위시의 헌법에 위하여 모성의 법률로 시설기준과.', '한다. 예술가의 경우와 신문의 3년 증거인멸의 전통문화의 승인된 해당하는 진다. 보호할 법률이 다만, 모든 있다. 행위로 신체의 범죄를 소추되지 아니하는 해당하는 계승·발전과 형에 한다. 수 진다. 법률로 국제법규는 아니한다. 도피.', '["두뇌 회전이 빨라요", "관찰력이 좋아요", "귀가 좋아요"]', '["요가", "춤", "음악", "독서", "운전", "커피", "연극", "게임", "반려동물", "그림", "여행", "운동", "와인"]', 'ACTIVE', '2024-01-30 17:06:40', '2024-02-03 14:52:41', null, 'male-Waiter'),
        (1092, '목광원', '주식회사 영권', '1985-08-17', 'MALE', '강화구', '창원구', 'ISTP', 'XNTP', 0x0000000001010000003A92CB7F48AF3DC0A52C431CEB9A51C0, 162, 'FAT', 'Lead Tactics Orchest', 'NON_SMOKING', 'EVERYDAY', 'CATHOLIC', '형사피고인은 염려가 소추되지 이상의 일반적으로 아니한다. 해당하는 의무를 재외국민을 법률로써 보호한다. 같은 수 저작자·발명가·과학기술자와 다만, 아니한다. 자유를 법률이 체결·공포된 진흥하여야 신체의 범죄에 확정될 일반적으로 헌법에 판결이 영장을 의하여 승인된 승인된.', '청구할 장기 보호할 국가는 유죄의 범죄를 형사피고인은 의무교육은 행위시의 범하고 같은 보호한다. 정하는 법률에 법률이 범죄에 대하여 도피 정한다. 같은 해당하는 행위시의 염려가 전통문화의 모든 거듭 범죄에 진흥하여야 승인된 형에.', '국제법규는 거듭 효력을 행위로 전통문화의 범죄에 판결이 헌법에 침해받지 무상으로 형사피고인은 한다. 현행범인인 법률이 의무교육은 죄를 조약과 소추되지 평생교육을 의무교육은 아니한다. 법률로써 전통문화의 또는 의하여 평생교육을 정하는 신체의 해당하는 보호할.', '["비율이 좋아요", "로맨틱해요", "잠이 많아요", "카리스마 있어요", "창의적인 아이디어가 많아요", "선물을 잘 고르는 편이에요", "귀가 좋아요", "표현을 잘해요", "활동적이에요", "매력적인 사람이에요", "리더십이 있어요", "긍정적인 에너지를 가지고 있어요", "유머 감각이 있어요"]', '["춤", "꽃", "와인", "영화", "운동", "식물"]', 'ACTIVE', '2024-01-30 17:06:40', '2024-02-03 14:52:41', null, 'male-Waiter'),
        (1093, '권세민', '주식회사 윤기', '2000-09-15', 'MALE', '용산시', '동작군', 'INTJ', 'ENTP', 0x00000000010100000054E3A59BC408464088F4DBD781EB44C0, 154, 'FAT', 'Forward Creative Off', 'OFTEN', 'EVERYDAY', 'OTHER', '재외국민을 수 승인된 정하는 필요한 진흥하여야 영장을 해당하는 국가는 법률로 형사피고인은 보호할 침해받지 현행범인인 보장하기 행위시의 필요한 일반적으로 추정된다. 염려가 창달에 사후에 진흥하여야 추정된다. 수 저작자·발명가·과학기술자와 필요한 도피 정하는 해당하는.', '법률이 때에는 무죄로 국내법과 계승·발전과 해당하는 죄를 청구할 시설기준과 기능을 행위로 무상으로 가진다. 효력을 해당하는 보장하기 한다. 처벌받지 계승·발전과 진흥하여야 행위로 저작자·발명가·과학기술자와 아니하는 국내법과 노력하여야 국민은 전통문화의 보호한다. 행위시의 범하고.', '소추되지 진다. 신문의 범죄를 판결이 기능을 염려가 권리는 유죄의 기능을 법률이 다만, 신체의 또는 해당하는 아니하는 동일한 국제법규는 모성의 창달에 시설기준과 침해받지 필요한 때에는 이상의 처벌받지 바에 신체의 3년 장기.', '["관찰력이 좋아요", "긍정적인 에너지를 가지고 있어요", "표현을 잘해요", "유머 감각이 있어요", "활동적이에요", "목소리가 좋아요", "보조개", "비율이 좋아요", "세심한 성격이에요", "매력적인 사람이에요", "선물을 잘 고르는 편이에요", "카리스마 있어요", "귀가 좋아요", "로맨틱해요"]', '["와인", "산", "학문", "연극", "캠핑", "요가", "커피", "음악", "운전", "반려동물", "영화", "글쓰기", "요리", "식물", "춤", "그림", "IT", "운동", "게임", "꽃", "여행"]', 'ACTIVE', '2024-01-30 17:06:40', '2024-02-03 14:52:41', null, 'male-Waiter'),
        (1094, '연영섭', '한국 예후', '1980-09-30', 'MALE', '광산군', '영주시', 'INFJ', 'ESFP', 0x00000000010100000012143FC6DC7150405BB1BFEC9EF85540, 164, 'SKINNY', 'Central Tactics Mana', 'OFTEN', 'OFTEN', 'NONE', '추정된다. 침해받지 무죄로 국제법규는 범하고 바에 계승·발전과 해당하는 무죄로 아니하는 모든 도피 구성하지 필요한 보장하기 같은 청구할 체결·공포된 사항은 의무교육은 모성의 있다. 범하고 의무를 이상의 의무교육은 법률로써 신문의 때에는 체결·공포된.', '국내법과 보호할 바에 염려가 무죄로 의무를 민족문화의 국민은 법률이 경우와 시설기준과 일반적으로 국민은 계승·발전과 사항은 장기 국내법과 판결이 신체의 현행범인인 의하여 사생활의 형사피고인은 같은 같은 소추되지 위하여 노력하여야 필요한 범하고.', '의무를 같은 헌법에 있을 증거인멸의 거듭 대하여 또는 의무교육은 다만, 시설기준과 있다. 시설기준과 예술가의 가진다. 재외국민을 국제법규는 평생교육을 위하여 다만, 형사피고인은 동일한 행위시의 범죄에 현행범인인 확정될 보장하기 현행범인인 신체의 형사피고인은.', '["표현을 잘해요", "유머 감각이 있어요", "목소리가 좋아요", "관찰력이 좋아요", "예의가 바르게 행동해요", "창의적인 아이디어가 많아요", "카리스마 있어요", "세심한 성격이에요", "선물을 잘 고르는 편이에요", "매력적인 사람이에요", "두뇌 회전이 빨라요", "보조개", "리더십이 있어요"]', '["와인", "IT", "독서", "요리", "여행", "영화", "학문", "그림", "꽃", "반려동물", "요가", "연극", "운전", "운동", "음악", "게임", "산", "커피", "캠핑", "패션", "글쓰기", "식물"]', 'ACTIVE', '2024-01-30 17:06:40', '2024-02-03 14:52:41', null, 'male-Waiter'),
        (1095, '사세찬', '하선 전자', '1987-10-28', 'MALE', '북시', '마포군', 'ESFJ', 'INTP', 0x000000000101000000053411363CC15640C442AD69DE5950C0, 153, 'MUSCULAR', 'Corporate Optimizati', 'QUIT', 'OFTEN', 'BUDDHIST', '대하여 아니하는 대하여 민족문화의 이상의 또는 구성하지 진다. 무죄로 경우와 도피 무죄로 보장하기 정하는 재외국민을 헌법에 침해받지 권리는 범죄를 영장을 진흥하여야 국가는 증거인멸의 범하고 확정될 한다. 또는 재외국민을 또는 노력하여야.', '죄를 권리는 승인된 무죄로 범죄를 국가는 시설기준과 신체의 영장을 증거인멸의 사생활의 필요한 사항은 신문의 헌법에 자유를 형에 있다. 저작자·발명가·과학기술자와 신문의 이상의 판결이 국제법규는 범죄에 국내법과 효력을 평생교육을 사후에 청구할 3년.', '예술가의 처벌받지 아니하며, 조약과 법률로써 거듭 범하고 무죄로 영장을 권리는 대하여 일반적으로 전통문화의 거듭 법률로써 모든 아니하는 필요한 법률이 같은 이상의 아니한다. 있을 위하여 자유를 대하여 보호한다. 아니한다. 있을 정한다..', '["유머 감각이 있어요", "로맨틱해요", "선물을 잘 고르는 편이에요", "리더십이 있어요"]', '["요리", "커피"]', 'ACTIVE', '2024-01-30 17:06:40', '2024-02-03 14:52:41', null, 'male-Waiter'),
        (1096, '손리한', '지훤 물산', '1983-11-17', 'FEMALE', '부평구', '전주구', 'ISTP', 'XNTP', 0x000000000101000000E3A59BC420D02040B515FBCBEE3145C0, 161, 'SKINNY', 'Global Mobility Admi', 'NON_SMOKING', 'OFTEN', 'BUDDHIST', '헌법에 도피 판결이 또는 때에는 아니하는 시설기준과 때까지는 무상으로 수 국민은 경우와 사후에 경우와 창달에 행위시의 권리는 일반적으로 사후에 국내법과 자유를 행위로 보호할 있을 3년 소추되지 법률로써 침해받지 유죄의 권리는.', '다만, 거듭 처벌받지 전통문화의 때에는 위하여 아니한다. 모든 헌법에 경우와 권리는 모든 행위로 판결이 헌법에 의하여 법률로써 법률로써 범죄에 판결이 현행범인인 보호할 민족문화의 소추되지 추정된다. 예술가의 소추되지 효력을 무상으로 무상으로.', '전통문화의 도피 법률로써 체결·공포된 구성하지 재외국민을 염려가 모성의 대하여 국민은 형사피고인은 창달에 보호한다. 사항은 예술가의 대하여 구성하지 아니한다. 법률에 범하고 처벌받지 사생활의 현행범인인 법률에 진흥하여야 구성하지 죄를 보호를 국제법규는 청구할.', '["리더십이 있어요", "로맨틱해요", "두뇌 회전이 빨라요", "예의가 바르게 행동해요", "귀가 좋아요", "세심한 성격이에요", "관찰력이 좋아요", "비율이 좋아요", "유머 감각이 있어요", "잠이 많아요", "긍정적인 에너지를 가지고 있어요", "카리스마 있어요", "체력이 좋아요", "목소리가 좋아요"]', '["음악", "IT", "연극", "게임", "학문", "그림"]', 'ACTIVE', '2024-01-30 17:06:40', '2024-02-03 14:52:48', null, 'elegant-Black-Hair-Woman'),
        (1097, '금원욱', '하라 물산', '1987-04-01', 'MALE', '동작시', '광산구', 'ENFJ', 'XSFP', 0x0000000001010000009487855AD3586340CE1951DA1B1C2840, 168, 'SKINNY', 'Internal Application', 'QUIT', 'OFTEN', 'CHRISTIAN', '가진다. 보장하기 비밀과 추정된다. 증거인멸의 창달에 필요한 신문의 범죄를 사후에 아니하는 체결·공포된 소추되지 의무를 가진다. 국민은 형에 일반적으로 아니한다. 아니한다. 보호할 형에 행위시의 효력을 동일한 의무를 도피 비밀과 동일한 재외국민을.', '의무교육은 효력을 헌법에 대하여 아니하며, 범죄를 사항은 염려가 죄를 현행범인인 진다. 시설기준과 유죄의 거듭 전통문화의 국민은 범죄에 구성하지 장기 진흥하여야 보호한다. 계승·발전과 보장하기 기능을 법률이 형에 모성의 진흥하여야 보호를 무죄로.', '다만, 장기 헌법에 자유를 범하고 아니한다. 때까지는 판결이 재외국민을 효력을 수 소추되지 의무를 행위시의 있다. 재외국민을 바에 비밀과 무상으로 보호한다. 형에 보호한다. 이상의 또는 구성하지 정하는 체결·공포된 판결이 증거인멸의 아니하는.', '["잠이 많아요", "로맨틱해요", "목소리가 좋아요", "유머 감각이 있어요", "활동적이에요", "긍정적인 에너지를 가지고 있어요", "표현을 잘해요", "비율이 좋아요", "예의가 바르게 행동해요", "리더십이 있어요", "관찰력이 좋아요", "체력이 좋아요", "세심한 성격이에요", "창의적인 아이디어가 많아요", "카리스마 있어요", "매력적인 사람이에요", "선물을 잘 고르는 편이에요", "보조개", "귀가 좋아요"]', '["요가", "그림", "운전", "학문", "패션", "산", "게임", "춤", "여행", "글쓰기"]', 'ACTIVE', '2024-01-30 17:06:40', '2024-02-03 14:52:41', null, 'male-Waiter'),
        (1098, '구시우', '주식회사 혁준', '1998-06-28', 'MALE', '전주군', '창원구', 'ENTJ', 'INTJ', 0x000000000101000000BE30992A188B6440728A8EE4F2775640, 170, 'FAT', 'Dynamic Web Represen', 'OFTEN', 'NON_DRINKING', 'CATHOLIC', '유죄의 범하고 3년 이상의 진다. 수 예술가의 동일한 청구할 계승·발전과 일반적으로 청구할 모성의 대하여 통신·방송의 국제법규는 통신·방송의 한다. 정하는 해당하는 침해받지 대하여 한다. 저작자·발명가·과학기술자와 재외국민을 위하여 청구할 통신·방송의 민족문화의 보장하기.', '때까지는 바에 사항은 시설기준과 아니하는 염려가 창달에 정한다. 통신·방송의 있다. 필요한 신체의 염려가 있다. 자유를 확정될 승인된 저작자·발명가·과학기술자와 예술가의 창달에 사후에 예술가의 범죄에 위하여 국내법과 구성하지 범하고 아니한다. 진다. 시설기준과.', '같은 3년 비밀과 국제법규는 추정된다. 창달에 아니하는 국제법규는 또는 일반적으로 구성하지 국가는 행위로 승인된 전통문화의 조약과 유죄의 국민은 있을 의무를 조약과 소추되지 모성의 진다. 현행범인인 정한다. 조약과 바에 판결이 의무를.', '["카리스마 있어요", "체력이 좋아요", "두뇌 회전이 빨라요", "목소리가 좋아요", "긍정적인 에너지를 가지고 있어요", "관찰력이 좋아요", "유머 감각이 있어요", "귀가 좋아요", "보조개", "표현을 잘해요", "세심한 성격이에요", "로맨틱해요", "활동적이에요", "비율이 좋아요", "잠이 많아요", "리더십이 있어요", "예의가 바르게 행동해요"]', '["IT", "글쓰기", "식물", "그림", "춤"]', 'ACTIVE', '2024-01-30 17:06:40', '2024-02-03 14:52:41', null, 'male-Waiter'),
        (1099, '권채웅', '주식회사 인호', '1996-02-20', 'MALE', '동작군', '수원시', 'ENFJ', 'ISTJ', 0x000000000101000000545227A089B0124007CE1951DAB34E40, 186, 'FAT', 'Corporate Accountabi', 'OFTEN', 'OFTEN', 'NONE', '비밀과 무죄로 또는 신문의 일반적으로 무상으로 바에 신체의 창달에 정한다. 때까지는 필요한 진다. 일반적으로 국내법과 가진다. 장기 또는 효력을 보호한다. 통신·방송의 법률로써 가진다. 신체의 범하고 경우와 판결이 효력을 형에 한다..', '법률로 염려가 사항은 헌법에 진흥하여야 법률로써 경우와 신문의 동일한 비밀과 보호를 다만, 있다. 해당하는 사항은 민족문화의 이상의 저작자·발명가·과학기술자와 해당하는 장기 필요한 계승·발전과 국민은 법률이 민족문화의 3년 정하는 범죄에 해당하는 아니하며,.', '모든 국내법과 아니하는 죄를 처벌받지 헌법에 이상의 진다. 국내법과 조약과 승인된 구성하지 비밀과 일반적으로 현행범인인 유죄의 장기 일반적으로 기능을 침해받지 때에는 범하고 보호할 형사피고인은 국내법과 있다. 유죄의 법률로써 시설기준과 의하여.', '["체력이 좋아요", "예의가 바르게 행동해요", "두뇌 회전이 빨라요", "세심한 성격이에요", "리더십이 있어요", "카리스마 있어요", "긍정적인 에너지를 가지고 있어요", "선물을 잘 고르는 편이에요", "비율이 좋아요", "표현을 잘해요", "창의적인 아이디어가 많아요", "귀가 좋아요", "잠이 많아요"]', '["운전", "춤", "반려동물", "음악", "연극", "글쓰기", "요리", "독서", "식물", "게임", "요가", "영화", "패션", "산", "여행", "캠핑", "와인", "꽃", "커피", "IT", "운동", "학문", "그림"]', 'ACTIVE', '2024-01-30 17:06:40', '2024-02-03 14:52:41', null, 'male-Waiter'),
        (1100, '승제이', '한국 태의', '1983-10-16', 'FEMALE', '구미군', '광주군', 'ISTP', 'ESFP', 0x0000000001010000009D8026C2864F56406C787AA52CB34AC0, 162, 'NORMAL', 'International Usabil', 'OFTEN', 'OFTEN', 'WONBUDDHIST', '구성하지 장기 국민은 국내법과 때에는 창달에 모성의 아니하며, 같은 국가는 사항은 헌법에 신문의 때에는 한다. 진다. 또는 의하여 증거인멸의 시설기준과 헌법에 필요한 영장을 경우와 사후에 노력하여야 정한다. 자유를 한다. 염려가.', '장기 재외국민을 위하여 거듭 의무를 저작자·발명가·과학기술자와 증거인멸의 재외국민을 대하여 추정된다. 다만, 국제법규는 범하고 진다. 때까지는 유죄의 국가는 통신·방송의 국가는 예술가의 법률로써 있을 같은 같은 계승·발전과 모성의 의무를 범죄에 보호한다. 해당하는.', '법률로써 추정된다. 현행범인인 또는 거듭 거듭 대하여 때까지는 헌법에 영장을 권리는 행위시의 통신·방송의 때까지는 보장하기 이상의 침해받지 전통문화의 저작자·발명가·과학기술자와 의무를 3년 보장하기 죄를 의무교육은 또는 법률로 의하여 일반적으로 거듭 통신·방송의.', '["비율이 좋아요", "리더십이 있어요", "카리스마 있어요", "잠이 많아요", "유머 감각이 있어요", "세심한 성격이에요", "예의가 바르게 행동해요", "귀가 좋아요", "두뇌 회전이 빨라요"]', '["커피", "반려동물", "와인", "그림", "여행", "영화", "패션"]', 'ACTIVE', '2024-01-30 17:06:40', '2024-02-03 14:52:48', null, 'elegant-Black-Hair-Woman')
;

insert into flirting.user_additional_information (user_id, fcm_token, fcm_token_updated_at, last_accessed_at, marketing_agreed_at, created_at)
values (1001, 'dRjaXoCpT_yFpXg255Jeyl:APA91bGgamuynUidZ5i7R5fYp3dxN0A4qkiKbvXciFUdpmnr5CXVDEgPbqbC1HKTRCh5spWhS-BDkTFH5_h-K8APvu1QwvIzRPVyPlCMkD7BvUnGSpu86FaxeWHvKP62LGikNYrJIxZ5', now(), now(), now(), now()),
       (1002, 'dRjaXoCpT_yFpXg255Jeyl:APA91bGgamuynUidZ5i7R5fYp3dxN0A4qkiKbvXciFUdpmnr5CXVDEgPbqbC1HKTRCh5spWhS-BDkTFH5_h-K8APvu1QwvIzRPVyPlCMkD7BvUnGSpu86FaxeWHvKP62LGikNYrJIxZ5', now(), now(), now(), now()),
       (1003, 'dRjaXoCpT_yFpXg255Jeyl:APA91bGgamuynUidZ5i7R5fYp3dxN0A4qkiKbvXciFUdpmnr5CXVDEgPbqbC1HKTRCh5spWhS-BDkTFH5_h-K8APvu1QwvIzRPVyPlCMkD7BvUnGSpu86FaxeWHvKP62LGikNYrJIxZ5', now(), now(), now(), now()),
       (1004, 'dRjaXoCpT_yFpXg255Jeyl:APA91bGgamuynUidZ5i7R5fYp3dxN0A4qkiKbvXciFUdpmnr5CXVDEgPbqbC1HKTRCh5spWhS-BDkTFH5_h-K8APvu1QwvIzRPVyPlCMkD7BvUnGSpu86FaxeWHvKP62LGikNYrJIxZ5', now(), now(), now(), now()),
       (1005, 'dRjaXoCpT_yFpXg255Jeyl:APA91bGgamuynUidZ5i7R5fYp3dxN0A4qkiKbvXciFUdpmnr5CXVDEgPbqbC1HKTRCh5spWhS-BDkTFH5_h-K8APvu1QwvIzRPVyPlCMkD7BvUnGSpu86FaxeWHvKP62LGikNYrJIxZ5', now(), now(), now(), now()),
       (1006, 'dRjaXoCpT_yFpXg255Jeyl:APA91bGgamuynUidZ5i7R5fYp3dxN0A4qkiKbvXciFUdpmnr5CXVDEgPbqbC1HKTRCh5spWhS-BDkTFH5_h-K8APvu1QwvIzRPVyPlCMkD7BvUnGSpu86FaxeWHvKP62LGikNYrJIxZ5', now(), now(), now(), now()),
       (1007, 'dRjaXoCpT_yFpXg255Jeyl:APA91bGgamuynUidZ5i7R5fYp3dxN0A4qkiKbvXciFUdpmnr5CXVDEgPbqbC1HKTRCh5spWhS-BDkTFH5_h-K8APvu1QwvIzRPVyPlCMkD7BvUnGSpu86FaxeWHvKP62LGikNYrJIxZ5', now(), now(), now(), now()),
       (1008, 'dRjaXoCpT_yFpXg255Jeyl:APA91bGgamuynUidZ5i7R5fYp3dxN0A4qkiKbvXciFUdpmnr5CXVDEgPbqbC1HKTRCh5spWhS-BDkTFH5_h-K8APvu1QwvIzRPVyPlCMkD7BvUnGSpu86FaxeWHvKP62LGikNYrJIxZ5', now(), now(), now(), now()),
       (1009, 'dRjaXoCpT_yFpXg255Jeyl:APA91bGgamuynUidZ5i7R5fYp3dxN0A4qkiKbvXciFUdpmnr5CXVDEgPbqbC1HKTRCh5spWhS-BDkTFH5_h-K8APvu1QwvIzRPVyPlCMkD7BvUnGSpu86FaxeWHvKP62LGikNYrJIxZ5', now(), now(), now(), now()),
       (1010, 'dRjaXoCpT_yFpXg255Jeyl:APA91bGgamuynUidZ5i7R5fYp3dxN0A4qkiKbvXciFUdpmnr5CXVDEgPbqbC1HKTRCh5spWhS-BDkTFH5_h-K8APvu1QwvIzRPVyPlCMkD7BvUnGSpu86FaxeWHvKP62LGikNYrJIxZ5', now(), now(), now(), now()),
       (1011, 'dRjaXoCpT_yFpXg255Jeyl:APA91bGgamuynUidZ5i7R5fYp3dxN0A4qkiKbvXciFUdpmnr5CXVDEgPbqbC1HKTRCh5spWhS-BDkTFH5_h-K8APvu1QwvIzRPVyPlCMkD7BvUnGSpu86FaxeWHvKP62LGikNYrJIxZ5', now(), now(), now(), now()),
       (1012, 'dRjaXoCpT_yFpXg255Jeyl:APA91bGgamuynUidZ5i7R5fYp3dxN0A4qkiKbvXciFUdpmnr5CXVDEgPbqbC1HKTRCh5spWhS-BDkTFH5_h-K8APvu1QwvIzRPVyPlCMkD7BvUnGSpu86FaxeWHvKP62LGikNYrJIxZ5', now(), now(), now(), now()),
       (1013, 'dRjaXoCpT_yFpXg255Jeyl:APA91bGgamuynUidZ5i7R5fYp3dxN0A4qkiKbvXciFUdpmnr5CXVDEgPbqbC1HKTRCh5spWhS-BDkTFH5_h-K8APvu1QwvIzRPVyPlCMkD7BvUnGSpu86FaxeWHvKP62LGikNYrJIxZ5', now(), now(), now(), now()),
       (1014, 'dRjaXoCpT_yFpXg255Jeyl:APA91bGgamuynUidZ5i7R5fYp3dxN0A4qkiKbvXciFUdpmnr5CXVDEgPbqbC1HKTRCh5spWhS-BDkTFH5_h-K8APvu1QwvIzRPVyPlCMkD7BvUnGSpu86FaxeWHvKP62LGikNYrJIxZ5', now(), now(), now(), now()),
       (1015, 'dRjaXoCpT_yFpXg255Jeyl:APA91bGgamuynUidZ5i7R5fYp3dxN0A4qkiKbvXciFUdpmnr5CXVDEgPbqbC1HKTRCh5spWhS-BDkTFH5_h-K8APvu1QwvIzRPVyPlCMkD7BvUnGSpu86FaxeWHvKP62LGikNYrJIxZ5', now(), now(), now(), now()),
       (1016, 'dRjaXoCpT_yFpXg255Jeyl:APA91bGgamuynUidZ5i7R5fYp3dxN0A4qkiKbvXciFUdpmnr5CXVDEgPbqbC1HKTRCh5spWhS-BDkTFH5_h-K8APvu1QwvIzRPVyPlCMkD7BvUnGSpu86FaxeWHvKP62LGikNYrJIxZ5', now(), now(), now(), now()),
       (1017, 'dRjaXoCpT_yFpXg255Jeyl:APA91bGgamuynUidZ5i7R5fYp3dxN0A4qkiKbvXciFUdpmnr5CXVDEgPbqbC1HKTRCh5spWhS-BDkTFH5_h-K8APvu1QwvIzRPVyPlCMkD7BvUnGSpu86FaxeWHvKP62LGikNYrJIxZ5', now(), now(), now(), now()),
       (1018, 'dRjaXoCpT_yFpXg255Jeyl:APA91bGgamuynUidZ5i7R5fYp3dxN0A4qkiKbvXciFUdpmnr5CXVDEgPbqbC1HKTRCh5spWhS-BDkTFH5_h-K8APvu1QwvIzRPVyPlCMkD7BvUnGSpu86FaxeWHvKP62LGikNYrJIxZ5', now(), now(), now(), now()),
       (1019, 'dRjaXoCpT_yFpXg255Jeyl:APA91bGgamuynUidZ5i7R5fYp3dxN0A4qkiKbvXciFUdpmnr5CXVDEgPbqbC1HKTRCh5spWhS-BDkTFH5_h-K8APvu1QwvIzRPVyPlCMkD7BvUnGSpu86FaxeWHvKP62LGikNYrJIxZ5', now(), now(), now(), now()),
       (1020, 'dRjaXoCpT_yFpXg255Jeyl:APA91bGgamuynUidZ5i7R5fYp3dxN0A4qkiKbvXciFUdpmnr5CXVDEgPbqbC1HKTRCh5spWhS-BDkTFH5_h-K8APvu1QwvIzRPVyPlCMkD7BvUnGSpu86FaxeWHvKP62LGikNYrJIxZ5', now(), now(), now(), now()),
       (1021, 'dRjaXoCpT_yFpXg255Jeyl:APA91bGgamuynUidZ5i7R5fYp3dxN0A4qkiKbvXciFUdpmnr5CXVDEgPbqbC1HKTRCh5spWhS-BDkTFH5_h-K8APvu1QwvIzRPVyPlCMkD7BvUnGSpu86FaxeWHvKP62LGikNYrJIxZ5', now(), now(), now(), now()),
       (1022, 'dRjaXoCpT_yFpXg255Jeyl:APA91bGgamuynUidZ5i7R5fYp3dxN0A4qkiKbvXciFUdpmnr5CXVDEgPbqbC1HKTRCh5spWhS-BDkTFH5_h-K8APvu1QwvIzRPVyPlCMkD7BvUnGSpu86FaxeWHvKP62LGikNYrJIxZ5', now(), now(), now(), now()),
       (1023, 'dRjaXoCpT_yFpXg255Jeyl:APA91bGgamuynUidZ5i7R5fYp3dxN0A4qkiKbvXciFUdpmnr5CXVDEgPbqbC1HKTRCh5spWhS-BDkTFH5_h-K8APvu1QwvIzRPVyPlCMkD7BvUnGSpu86FaxeWHvKP62LGikNYrJIxZ5', now(), now(), now(), now()),
       (1024, 'dRjaXoCpT_yFpXg255Jeyl:APA91bGgamuynUidZ5i7R5fYp3dxN0A4qkiKbvXciFUdpmnr5CXVDEgPbqbC1HKTRCh5spWhS-BDkTFH5_h-K8APvu1QwvIzRPVyPlCMkD7BvUnGSpu86FaxeWHvKP62LGikNYrJIxZ5', now(), now(), now(), now()),
       (1025, 'dRjaXoCpT_yFpXg255Jeyl:APA91bGgamuynUidZ5i7R5fYp3dxN0A4qkiKbvXciFUdpmnr5CXVDEgPbqbC1HKTRCh5spWhS-BDkTFH5_h-K8APvu1QwvIzRPVyPlCMkD7BvUnGSpu86FaxeWHvKP62LGikNYrJIxZ5', now(), now(), now(), now()),
       (1026, 'dRjaXoCpT_yFpXg255Jeyl:APA91bGgamuynUidZ5i7R5fYp3dxN0A4qkiKbvXciFUdpmnr5CXVDEgPbqbC1HKTRCh5spWhS-BDkTFH5_h-K8APvu1QwvIzRPVyPlCMkD7BvUnGSpu86FaxeWHvKP62LGikNYrJIxZ5', now(), now(), now(), now()),
       (1027, 'dRjaXoCpT_yFpXg255Jeyl:APA91bGgamuynUidZ5i7R5fYp3dxN0A4qkiKbvXciFUdpmnr5CXVDEgPbqbC1HKTRCh5spWhS-BDkTFH5_h-K8APvu1QwvIzRPVyPlCMkD7BvUnGSpu86FaxeWHvKP62LGikNYrJIxZ5', now(), now(), now(), now()),
       (1028, 'dRjaXoCpT_yFpXg255Jeyl:APA91bGgamuynUidZ5i7R5fYp3dxN0A4qkiKbvXciFUdpmnr5CXVDEgPbqbC1HKTRCh5spWhS-BDkTFH5_h-K8APvu1QwvIzRPVyPlCMkD7BvUnGSpu86FaxeWHvKP62LGikNYrJIxZ5', now(), now(), now(), now()),
       (1029, 'dRjaXoCpT_yFpXg255Jeyl:APA91bGgamuynUidZ5i7R5fYp3dxN0A4qkiKbvXciFUdpmnr5CXVDEgPbqbC1HKTRCh5spWhS-BDkTFH5_h-K8APvu1QwvIzRPVyPlCMkD7BvUnGSpu86FaxeWHvKP62LGikNYrJIxZ5', now(), now(), now(), now()),
       (1030, 'dRjaXoCpT_yFpXg255Jeyl:APA91bGgamuynUidZ5i7R5fYp3dxN0A4qkiKbvXciFUdpmnr5CXVDEgPbqbC1HKTRCh5spWhS-BDkTFH5_h-K8APvu1QwvIzRPVyPlCMkD7BvUnGSpu86FaxeWHvKP62LGikNYrJIxZ5', now(), now(), now(), now()),
       (1031, 'dRjaXoCpT_yFpXg255Jeyl:APA91bGgamuynUidZ5i7R5fYp3dxN0A4qkiKbvXciFUdpmnr5CXVDEgPbqbC1HKTRCh5spWhS-BDkTFH5_h-K8APvu1QwvIzRPVyPlCMkD7BvUnGSpu86FaxeWHvKP62LGikNYrJIxZ5', now(), now(), now(), now()),
       (1032, 'dRjaXoCpT_yFpXg255Jeyl:APA91bGgamuynUidZ5i7R5fYp3dxN0A4qkiKbvXciFUdpmnr5CXVDEgPbqbC1HKTRCh5spWhS-BDkTFH5_h-K8APvu1QwvIzRPVyPlCMkD7BvUnGSpu86FaxeWHvKP62LGikNYrJIxZ5', now(), now(), now(), now()),
       (1033, 'dRjaXoCpT_yFpXg255Jeyl:APA91bGgamuynUidZ5i7R5fYp3dxN0A4qkiKbvXciFUdpmnr5CXVDEgPbqbC1HKTRCh5spWhS-BDkTFH5_h-K8APvu1QwvIzRPVyPlCMkD7BvUnGSpu86FaxeWHvKP62LGikNYrJIxZ5', now(), now(), now(), now()),
       (1034, 'dRjaXoCpT_yFpXg255Jeyl:APA91bGgamuynUidZ5i7R5fYp3dxN0A4qkiKbvXciFUdpmnr5CXVDEgPbqbC1HKTRCh5spWhS-BDkTFH5_h-K8APvu1QwvIzRPVyPlCMkD7BvUnGSpu86FaxeWHvKP62LGikNYrJIxZ5', now(), now(), now(), now()),
       (1035, 'dRjaXoCpT_yFpXg255Jeyl:APA91bGgamuynUidZ5i7R5fYp3dxN0A4qkiKbvXciFUdpmnr5CXVDEgPbqbC1HKTRCh5spWhS-BDkTFH5_h-K8APvu1QwvIzRPVyPlCMkD7BvUnGSpu86FaxeWHvKP62LGikNYrJIxZ5', now(), now(), now(), now()),
       (1036, 'dRjaXoCpT_yFpXg255Jeyl:APA91bGgamuynUidZ5i7R5fYp3dxN0A4qkiKbvXciFUdpmnr5CXVDEgPbqbC1HKTRCh5spWhS-BDkTFH5_h-K8APvu1QwvIzRPVyPlCMkD7BvUnGSpu86FaxeWHvKP62LGikNYrJIxZ5', now(), now(), now(), now()),
       (1037, 'dRjaXoCpT_yFpXg255Jeyl:APA91bGgamuynUidZ5i7R5fYp3dxN0A4qkiKbvXciFUdpmnr5CXVDEgPbqbC1HKTRCh5spWhS-BDkTFH5_h-K8APvu1QwvIzRPVyPlCMkD7BvUnGSpu86FaxeWHvKP62LGikNYrJIxZ5', now(), now(), now(), now()),
       (1038, 'dRjaXoCpT_yFpXg255Jeyl:APA91bGgamuynUidZ5i7R5fYp3dxN0A4qkiKbvXciFUdpmnr5CXVDEgPbqbC1HKTRCh5spWhS-BDkTFH5_h-K8APvu1QwvIzRPVyPlCMkD7BvUnGSpu86FaxeWHvKP62LGikNYrJIxZ5', now(), now(), now(), now()),
       (1039, 'dRjaXoCpT_yFpXg255Jeyl:APA91bGgamuynUidZ5i7R5fYp3dxN0A4qkiKbvXciFUdpmnr5CXVDEgPbqbC1HKTRCh5spWhS-BDkTFH5_h-K8APvu1QwvIzRPVyPlCMkD7BvUnGSpu86FaxeWHvKP62LGikNYrJIxZ5', now(), now(), now(), now()),
       (1040, 'dRjaXoCpT_yFpXg255Jeyl:APA91bGgamuynUidZ5i7R5fYp3dxN0A4qkiKbvXciFUdpmnr5CXVDEgPbqbC1HKTRCh5spWhS-BDkTFH5_h-K8APvu1QwvIzRPVyPlCMkD7BvUnGSpu86FaxeWHvKP62LGikNYrJIxZ5', now(), now(), now(), now()),
       (1041, 'dRjaXoCpT_yFpXg255Jeyl:APA91bGgamuynUidZ5i7R5fYp3dxN0A4qkiKbvXciFUdpmnr5CXVDEgPbqbC1HKTRCh5spWhS-BDkTFH5_h-K8APvu1QwvIzRPVyPlCMkD7BvUnGSpu86FaxeWHvKP62LGikNYrJIxZ5', now(), now(), now(), now()),
       (1042, 'dRjaXoCpT_yFpXg255Jeyl:APA91bGgamuynUidZ5i7R5fYp3dxN0A4qkiKbvXciFUdpmnr5CXVDEgPbqbC1HKTRCh5spWhS-BDkTFH5_h-K8APvu1QwvIzRPVyPlCMkD7BvUnGSpu86FaxeWHvKP62LGikNYrJIxZ5', now(), now(), now(), now()),
       (1043, 'dRjaXoCpT_yFpXg255Jeyl:APA91bGgamuynUidZ5i7R5fYp3dxN0A4qkiKbvXciFUdpmnr5CXVDEgPbqbC1HKTRCh5spWhS-BDkTFH5_h-K8APvu1QwvIzRPVyPlCMkD7BvUnGSpu86FaxeWHvKP62LGikNYrJIxZ5', now(), now(), now(), now()),
       (1044, 'dRjaXoCpT_yFpXg255Jeyl:APA91bGgamuynUidZ5i7R5fYp3dxN0A4qkiKbvXciFUdpmnr5CXVDEgPbqbC1HKTRCh5spWhS-BDkTFH5_h-K8APvu1QwvIzRPVyPlCMkD7BvUnGSpu86FaxeWHvKP62LGikNYrJIxZ5', now(), now(), now(), now()),
       (1045, 'dRjaXoCpT_yFpXg255Jeyl:APA91bGgamuynUidZ5i7R5fYp3dxN0A4qkiKbvXciFUdpmnr5CXVDEgPbqbC1HKTRCh5spWhS-BDkTFH5_h-K8APvu1QwvIzRPVyPlCMkD7BvUnGSpu86FaxeWHvKP62LGikNYrJIxZ5', now(), now(), now(), now()),
       (1046, 'dRjaXoCpT_yFpXg255Jeyl:APA91bGgamuynUidZ5i7R5fYp3dxN0A4qkiKbvXciFUdpmnr5CXVDEgPbqbC1HKTRCh5spWhS-BDkTFH5_h-K8APvu1QwvIzRPVyPlCMkD7BvUnGSpu86FaxeWHvKP62LGikNYrJIxZ5', now(), now(), now(), now()),
       (1047, 'dRjaXoCpT_yFpXg255Jeyl:APA91bGgamuynUidZ5i7R5fYp3dxN0A4qkiKbvXciFUdpmnr5CXVDEgPbqbC1HKTRCh5spWhS-BDkTFH5_h-K8APvu1QwvIzRPVyPlCMkD7BvUnGSpu86FaxeWHvKP62LGikNYrJIxZ5', now(), now(), now(), now()),
       (1048, 'dRjaXoCpT_yFpXg255Jeyl:APA91bGgamuynUidZ5i7R5fYp3dxN0A4qkiKbvXciFUdpmnr5CXVDEgPbqbC1HKTRCh5spWhS-BDkTFH5_h-K8APvu1QwvIzRPVyPlCMkD7BvUnGSpu86FaxeWHvKP62LGikNYrJIxZ5', now(), now(), now(), now()),
       (1049, 'dRjaXoCpT_yFpXg255Jeyl:APA91bGgamuynUidZ5i7R5fYp3dxN0A4qkiKbvXciFUdpmnr5CXVDEgPbqbC1HKTRCh5spWhS-BDkTFH5_h-K8APvu1QwvIzRPVyPlCMkD7BvUnGSpu86FaxeWHvKP62LGikNYrJIxZ5', now(), now(), now(), now()),
       (1050, 'dRjaXoCpT_yFpXg255Jeyl:APA91bGgamuynUidZ5i7R5fYp3dxN0A4qkiKbvXciFUdpmnr5CXVDEgPbqbC1HKTRCh5spWhS-BDkTFH5_h-K8APvu1QwvIzRPVyPlCMkD7BvUnGSpu86FaxeWHvKP62LGikNYrJIxZ5', now(), now(), now(), now()),
       (1051, 'dRjaXoCpT_yFpXg255Jeyl:APA91bGgamuynUidZ5i7R5fYp3dxN0A4qkiKbvXciFUdpmnr5CXVDEgPbqbC1HKTRCh5spWhS-BDkTFH5_h-K8APvu1QwvIzRPVyPlCMkD7BvUnGSpu86FaxeWHvKP62LGikNYrJIxZ5', now(), now(), now(), now()),
       (1052, 'dRjaXoCpT_yFpXg255Jeyl:APA91bGgamuynUidZ5i7R5fYp3dxN0A4qkiKbvXciFUdpmnr5CXVDEgPbqbC1HKTRCh5spWhS-BDkTFH5_h-K8APvu1QwvIzRPVyPlCMkD7BvUnGSpu86FaxeWHvKP62LGikNYrJIxZ5', now(), now(), now(), now()),
       (1053, 'dRjaXoCpT_yFpXg255Jeyl:APA91bGgamuynUidZ5i7R5fYp3dxN0A4qkiKbvXciFUdpmnr5CXVDEgPbqbC1HKTRCh5spWhS-BDkTFH5_h-K8APvu1QwvIzRPVyPlCMkD7BvUnGSpu86FaxeWHvKP62LGikNYrJIxZ5', now(), now(), now(), now()),
       (1054, 'dRjaXoCpT_yFpXg255Jeyl:APA91bGgamuynUidZ5i7R5fYp3dxN0A4qkiKbvXciFUdpmnr5CXVDEgPbqbC1HKTRCh5spWhS-BDkTFH5_h-K8APvu1QwvIzRPVyPlCMkD7BvUnGSpu86FaxeWHvKP62LGikNYrJIxZ5', now(), now(), now(), now()),
       (1055, 'dRjaXoCpT_yFpXg255Jeyl:APA91bGgamuynUidZ5i7R5fYp3dxN0A4qkiKbvXciFUdpmnr5CXVDEgPbqbC1HKTRCh5spWhS-BDkTFH5_h-K8APvu1QwvIzRPVyPlCMkD7BvUnGSpu86FaxeWHvKP62LGikNYrJIxZ5', now(), now(), now(), now()),
       (1056, 'dRjaXoCpT_yFpXg255Jeyl:APA91bGgamuynUidZ5i7R5fYp3dxN0A4qkiKbvXciFUdpmnr5CXVDEgPbqbC1HKTRCh5spWhS-BDkTFH5_h-K8APvu1QwvIzRPVyPlCMkD7BvUnGSpu86FaxeWHvKP62LGikNYrJIxZ5', now(), now(), now(), now()),
       (1057, 'dRjaXoCpT_yFpXg255Jeyl:APA91bGgamuynUidZ5i7R5fYp3dxN0A4qkiKbvXciFUdpmnr5CXVDEgPbqbC1HKTRCh5spWhS-BDkTFH5_h-K8APvu1QwvIzRPVyPlCMkD7BvUnGSpu86FaxeWHvKP62LGikNYrJIxZ5', now(), now(), now(), now()),
       (1058, 'dRjaXoCpT_yFpXg255Jeyl:APA91bGgamuynUidZ5i7R5fYp3dxN0A4qkiKbvXciFUdpmnr5CXVDEgPbqbC1HKTRCh5spWhS-BDkTFH5_h-K8APvu1QwvIzRPVyPlCMkD7BvUnGSpu86FaxeWHvKP62LGikNYrJIxZ5', now(), now(), now(), now()),
       (1059, 'dRjaXoCpT_yFpXg255Jeyl:APA91bGgamuynUidZ5i7R5fYp3dxN0A4qkiKbvXciFUdpmnr5CXVDEgPbqbC1HKTRCh5spWhS-BDkTFH5_h-K8APvu1QwvIzRPVyPlCMkD7BvUnGSpu86FaxeWHvKP62LGikNYrJIxZ5', now(), now(), now(), now()),
       (1060, 'dRjaXoCpT_yFpXg255Jeyl:APA91bGgamuynUidZ5i7R5fYp3dxN0A4qkiKbvXciFUdpmnr5CXVDEgPbqbC1HKTRCh5spWhS-BDkTFH5_h-K8APvu1QwvIzRPVyPlCMkD7BvUnGSpu86FaxeWHvKP62LGikNYrJIxZ5', now(), now(), now(), now()),
       (1061, 'dRjaXoCpT_yFpXg255Jeyl:APA91bGgamuynUidZ5i7R5fYp3dxN0A4qkiKbvXciFUdpmnr5CXVDEgPbqbC1HKTRCh5spWhS-BDkTFH5_h-K8APvu1QwvIzRPVyPlCMkD7BvUnGSpu86FaxeWHvKP62LGikNYrJIxZ5', now(), now(), now(), now()),
       (1062, 'dRjaXoCpT_yFpXg255Jeyl:APA91bGgamuynUidZ5i7R5fYp3dxN0A4qkiKbvXciFUdpmnr5CXVDEgPbqbC1HKTRCh5spWhS-BDkTFH5_h-K8APvu1QwvIzRPVyPlCMkD7BvUnGSpu86FaxeWHvKP62LGikNYrJIxZ5', now(), now(), now(), now()),
       (1063, 'dRjaXoCpT_yFpXg255Jeyl:APA91bGgamuynUidZ5i7R5fYp3dxN0A4qkiKbvXciFUdpmnr5CXVDEgPbqbC1HKTRCh5spWhS-BDkTFH5_h-K8APvu1QwvIzRPVyPlCMkD7BvUnGSpu86FaxeWHvKP62LGikNYrJIxZ5', now(), now(), now(), now()),
       (1064, 'dRjaXoCpT_yFpXg255Jeyl:APA91bGgamuynUidZ5i7R5fYp3dxN0A4qkiKbvXciFUdpmnr5CXVDEgPbqbC1HKTRCh5spWhS-BDkTFH5_h-K8APvu1QwvIzRPVyPlCMkD7BvUnGSpu86FaxeWHvKP62LGikNYrJIxZ5', now(), now(), now(), now()),
       (1065, 'dRjaXoCpT_yFpXg255Jeyl:APA91bGgamuynUidZ5i7R5fYp3dxN0A4qkiKbvXciFUdpmnr5CXVDEgPbqbC1HKTRCh5spWhS-BDkTFH5_h-K8APvu1QwvIzRPVyPlCMkD7BvUnGSpu86FaxeWHvKP62LGikNYrJIxZ5', now(), now(), now(), now()),
       (1066, 'dRjaXoCpT_yFpXg255Jeyl:APA91bGgamuynUidZ5i7R5fYp3dxN0A4qkiKbvXciFUdpmnr5CXVDEgPbqbC1HKTRCh5spWhS-BDkTFH5_h-K8APvu1QwvIzRPVyPlCMkD7BvUnGSpu86FaxeWHvKP62LGikNYrJIxZ5', now(), now(), now(), now()),
       (1067, 'dRjaXoCpT_yFpXg255Jeyl:APA91bGgamuynUidZ5i7R5fYp3dxN0A4qkiKbvXciFUdpmnr5CXVDEgPbqbC1HKTRCh5spWhS-BDkTFH5_h-K8APvu1QwvIzRPVyPlCMkD7BvUnGSpu86FaxeWHvKP62LGikNYrJIxZ5', now(), now(), now(), now()),
       (1068, 'dRjaXoCpT_yFpXg255Jeyl:APA91bGgamuynUidZ5i7R5fYp3dxN0A4qkiKbvXciFUdpmnr5CXVDEgPbqbC1HKTRCh5spWhS-BDkTFH5_h-K8APvu1QwvIzRPVyPlCMkD7BvUnGSpu86FaxeWHvKP62LGikNYrJIxZ5', now(), now(), now(), now()),
       (1069, 'dRjaXoCpT_yFpXg255Jeyl:APA91bGgamuynUidZ5i7R5fYp3dxN0A4qkiKbvXciFUdpmnr5CXVDEgPbqbC1HKTRCh5spWhS-BDkTFH5_h-K8APvu1QwvIzRPVyPlCMkD7BvUnGSpu86FaxeWHvKP62LGikNYrJIxZ5', now(), now(), now(), now()),
       (1070, 'dRjaXoCpT_yFpXg255Jeyl:APA91bGgamuynUidZ5i7R5fYp3dxN0A4qkiKbvXciFUdpmnr5CXVDEgPbqbC1HKTRCh5spWhS-BDkTFH5_h-K8APvu1QwvIzRPVyPlCMkD7BvUnGSpu86FaxeWHvKP62LGikNYrJIxZ5', now(), now(), now(), now()),
       (1071, 'dRjaXoCpT_yFpXg255Jeyl:APA91bGgamuynUidZ5i7R5fYp3dxN0A4qkiKbvXciFUdpmnr5CXVDEgPbqbC1HKTRCh5spWhS-BDkTFH5_h-K8APvu1QwvIzRPVyPlCMkD7BvUnGSpu86FaxeWHvKP62LGikNYrJIxZ5', now(), now(), now(), now()),
       (1072, 'dRjaXoCpT_yFpXg255Jeyl:APA91bGgamuynUidZ5i7R5fYp3dxN0A4qkiKbvXciFUdpmnr5CXVDEgPbqbC1HKTRCh5spWhS-BDkTFH5_h-K8APvu1QwvIzRPVyPlCMkD7BvUnGSpu86FaxeWHvKP62LGikNYrJIxZ5', now(), now(), now(), now()),
       (1073, 'dRjaXoCpT_yFpXg255Jeyl:APA91bGgamuynUidZ5i7R5fYp3dxN0A4qkiKbvXciFUdpmnr5CXVDEgPbqbC1HKTRCh5spWhS-BDkTFH5_h-K8APvu1QwvIzRPVyPlCMkD7BvUnGSpu86FaxeWHvKP62LGikNYrJIxZ5', now(), now(), now(), now()),
       (1074, 'dRjaXoCpT_yFpXg255Jeyl:APA91bGgamuynUidZ5i7R5fYp3dxN0A4qkiKbvXciFUdpmnr5CXVDEgPbqbC1HKTRCh5spWhS-BDkTFH5_h-K8APvu1QwvIzRPVyPlCMkD7BvUnGSpu86FaxeWHvKP62LGikNYrJIxZ5', now(), now(), now(), now()),
       (1075, 'dRjaXoCpT_yFpXg255Jeyl:APA91bGgamuynUidZ5i7R5fYp3dxN0A4qkiKbvXciFUdpmnr5CXVDEgPbqbC1HKTRCh5spWhS-BDkTFH5_h-K8APvu1QwvIzRPVyPlCMkD7BvUnGSpu86FaxeWHvKP62LGikNYrJIxZ5', now(), now(), now(), now()),
       (1076, 'dRjaXoCpT_yFpXg255Jeyl:APA91bGgamuynUidZ5i7R5fYp3dxN0A4qkiKbvXciFUdpmnr5CXVDEgPbqbC1HKTRCh5spWhS-BDkTFH5_h-K8APvu1QwvIzRPVyPlCMkD7BvUnGSpu86FaxeWHvKP62LGikNYrJIxZ5', now(), now(), now(), now()),
       (1077, 'dRjaXoCpT_yFpXg255Jeyl:APA91bGgamuynUidZ5i7R5fYp3dxN0A4qkiKbvXciFUdpmnr5CXVDEgPbqbC1HKTRCh5spWhS-BDkTFH5_h-K8APvu1QwvIzRPVyPlCMkD7BvUnGSpu86FaxeWHvKP62LGikNYrJIxZ5', now(), now(), now(), now()),
       (1078, 'dRjaXoCpT_yFpXg255Jeyl:APA91bGgamuynUidZ5i7R5fYp3dxN0A4qkiKbvXciFUdpmnr5CXVDEgPbqbC1HKTRCh5spWhS-BDkTFH5_h-K8APvu1QwvIzRPVyPlCMkD7BvUnGSpu86FaxeWHvKP62LGikNYrJIxZ5', now(), now(), now(), now()),
       (1079, 'dRjaXoCpT_yFpXg255Jeyl:APA91bGgamuynUidZ5i7R5fYp3dxN0A4qkiKbvXciFUdpmnr5CXVDEgPbqbC1HKTRCh5spWhS-BDkTFH5_h-K8APvu1QwvIzRPVyPlCMkD7BvUnGSpu86FaxeWHvKP62LGikNYrJIxZ5', now(), now(), now(), now()),
       (1080, 'dRjaXoCpT_yFpXg255Jeyl:APA91bGgamuynUidZ5i7R5fYp3dxN0A4qkiKbvXciFUdpmnr5CXVDEgPbqbC1HKTRCh5spWhS-BDkTFH5_h-K8APvu1QwvIzRPVyPlCMkD7BvUnGSpu86FaxeWHvKP62LGikNYrJIxZ5', now(), now(), now(), now()),
       (1081, 'dRjaXoCpT_yFpXg255Jeyl:APA91bGgamuynUidZ5i7R5fYp3dxN0A4qkiKbvXciFUdpmnr5CXVDEgPbqbC1HKTRCh5spWhS-BDkTFH5_h-K8APvu1QwvIzRPVyPlCMkD7BvUnGSpu86FaxeWHvKP62LGikNYrJIxZ5', now(), now(), now(), now()),
       (1082, 'dRjaXoCpT_yFpXg255Jeyl:APA91bGgamuynUidZ5i7R5fYp3dxN0A4qkiKbvXciFUdpmnr5CXVDEgPbqbC1HKTRCh5spWhS-BDkTFH5_h-K8APvu1QwvIzRPVyPlCMkD7BvUnGSpu86FaxeWHvKP62LGikNYrJIxZ5', now(), now(), now(), now()),
       (1083, 'dRjaXoCpT_yFpXg255Jeyl:APA91bGgamuynUidZ5i7R5fYp3dxN0A4qkiKbvXciFUdpmnr5CXVDEgPbqbC1HKTRCh5spWhS-BDkTFH5_h-K8APvu1QwvIzRPVyPlCMkD7BvUnGSpu86FaxeWHvKP62LGikNYrJIxZ5', now(), now(), now(), now()),
       (1084, 'dRjaXoCpT_yFpXg255Jeyl:APA91bGgamuynUidZ5i7R5fYp3dxN0A4qkiKbvXciFUdpmnr5CXVDEgPbqbC1HKTRCh5spWhS-BDkTFH5_h-K8APvu1QwvIzRPVyPlCMkD7BvUnGSpu86FaxeWHvKP62LGikNYrJIxZ5', now(), now(), now(), now()),
       (1085, 'dRjaXoCpT_yFpXg255Jeyl:APA91bGgamuynUidZ5i7R5fYp3dxN0A4qkiKbvXciFUdpmnr5CXVDEgPbqbC1HKTRCh5spWhS-BDkTFH5_h-K8APvu1QwvIzRPVyPlCMkD7BvUnGSpu86FaxeWHvKP62LGikNYrJIxZ5', now(), now(), now(), now()),
       (1086, 'dRjaXoCpT_yFpXg255Jeyl:APA91bGgamuynUidZ5i7R5fYp3dxN0A4qkiKbvXciFUdpmnr5CXVDEgPbqbC1HKTRCh5spWhS-BDkTFH5_h-K8APvu1QwvIzRPVyPlCMkD7BvUnGSpu86FaxeWHvKP62LGikNYrJIxZ5', now(), now(), now(), now()),
       (1087, 'dRjaXoCpT_yFpXg255Jeyl:APA91bGgamuynUidZ5i7R5fYp3dxN0A4qkiKbvXciFUdpmnr5CXVDEgPbqbC1HKTRCh5spWhS-BDkTFH5_h-K8APvu1QwvIzRPVyPlCMkD7BvUnGSpu86FaxeWHvKP62LGikNYrJIxZ5', now(), now(), now(), now()),
       (1088, 'dRjaXoCpT_yFpXg255Jeyl:APA91bGgamuynUidZ5i7R5fYp3dxN0A4qkiKbvXciFUdpmnr5CXVDEgPbqbC1HKTRCh5spWhS-BDkTFH5_h-K8APvu1QwvIzRPVyPlCMkD7BvUnGSpu86FaxeWHvKP62LGikNYrJIxZ5', now(), now(), now(), now()),
       (1089, 'dRjaXoCpT_yFpXg255Jeyl:APA91bGgamuynUidZ5i7R5fYp3dxN0A4qkiKbvXciFUdpmnr5CXVDEgPbqbC1HKTRCh5spWhS-BDkTFH5_h-K8APvu1QwvIzRPVyPlCMkD7BvUnGSpu86FaxeWHvKP62LGikNYrJIxZ5', now(), now(), now(), now()),
       (1090, 'dRjaXoCpT_yFpXg255Jeyl:APA91bGgamuynUidZ5i7R5fYp3dxN0A4qkiKbvXciFUdpmnr5CXVDEgPbqbC1HKTRCh5spWhS-BDkTFH5_h-K8APvu1QwvIzRPVyPlCMkD7BvUnGSpu86FaxeWHvKP62LGikNYrJIxZ5', now(), now(), now(), now()),
       (1091, 'dRjaXoCpT_yFpXg255Jeyl:APA91bGgamuynUidZ5i7R5fYp3dxN0A4qkiKbvXciFUdpmnr5CXVDEgPbqbC1HKTRCh5spWhS-BDkTFH5_h-K8APvu1QwvIzRPVyPlCMkD7BvUnGSpu86FaxeWHvKP62LGikNYrJIxZ5', now(), now(), now(), now()),
       (1092, 'dRjaXoCpT_yFpXg255Jeyl:APA91bGgamuynUidZ5i7R5fYp3dxN0A4qkiKbvXciFUdpmnr5CXVDEgPbqbC1HKTRCh5spWhS-BDkTFH5_h-K8APvu1QwvIzRPVyPlCMkD7BvUnGSpu86FaxeWHvKP62LGikNYrJIxZ5', now(), now(), now(), now()),
       (1093, 'dRjaXoCpT_yFpXg255Jeyl:APA91bGgamuynUidZ5i7R5fYp3dxN0A4qkiKbvXciFUdpmnr5CXVDEgPbqbC1HKTRCh5spWhS-BDkTFH5_h-K8APvu1QwvIzRPVyPlCMkD7BvUnGSpu86FaxeWHvKP62LGikNYrJIxZ5', now(), now(), now(), now()),
       (1094, 'dRjaXoCpT_yFpXg255Jeyl:APA91bGgamuynUidZ5i7R5fYp3dxN0A4qkiKbvXciFUdpmnr5CXVDEgPbqbC1HKTRCh5spWhS-BDkTFH5_h-K8APvu1QwvIzRPVyPlCMkD7BvUnGSpu86FaxeWHvKP62LGikNYrJIxZ5', now(), now(), now(), now()),
       (1095, 'dRjaXoCpT_yFpXg255Jeyl:APA91bGgamuynUidZ5i7R5fYp3dxN0A4qkiKbvXciFUdpmnr5CXVDEgPbqbC1HKTRCh5spWhS-BDkTFH5_h-K8APvu1QwvIzRPVyPlCMkD7BvUnGSpu86FaxeWHvKP62LGikNYrJIxZ5', now(), now(), now(), now()),
       (1096, 'dRjaXoCpT_yFpXg255Jeyl:APA91bGgamuynUidZ5i7R5fYp3dxN0A4qkiKbvXciFUdpmnr5CXVDEgPbqbC1HKTRCh5spWhS-BDkTFH5_h-K8APvu1QwvIzRPVyPlCMkD7BvUnGSpu86FaxeWHvKP62LGikNYrJIxZ5', now(), now(), now(), now()),
       (1097, 'dRjaXoCpT_yFpXg255Jeyl:APA91bGgamuynUidZ5i7R5fYp3dxN0A4qkiKbvXciFUdpmnr5CXVDEgPbqbC1HKTRCh5spWhS-BDkTFH5_h-K8APvu1QwvIzRPVyPlCMkD7BvUnGSpu86FaxeWHvKP62LGikNYrJIxZ5', now(), now(), now(), now()),
       (1098, 'dRjaXoCpT_yFpXg255Jeyl:APA91bGgamuynUidZ5i7R5fYp3dxN0A4qkiKbvXciFUdpmnr5CXVDEgPbqbC1HKTRCh5spWhS-BDkTFH5_h-K8APvu1QwvIzRPVyPlCMkD7BvUnGSpu86FaxeWHvKP62LGikNYrJIxZ5', now(), now(), now(), now()),
       (1099, 'dRjaXoCpT_yFpXg255Jeyl:APA91bGgamuynUidZ5i7R5fYp3dxN0A4qkiKbvXciFUdpmnr5CXVDEgPbqbC1HKTRCh5spWhS-BDkTFH5_h-K8APvu1QwvIzRPVyPlCMkD7BvUnGSpu86FaxeWHvKP62LGikNYrJIxZ5', now(), now(), now(), now()),
       (1100, 'dRjaXoCpT_yFpXg255Jeyl:APA91bGgamuynUidZ5i7R5fYp3dxN0A4qkiKbvXciFUdpmnr5CXVDEgPbqbC1HKTRCh5spWhS-BDkTFH5_h-K8APvu1QwvIzRPVyPlCMkD7BvUnGSpu86FaxeWHvKP62LGikNYrJIxZ5', now(), now(), now(), now())
;

insert into flirting.point_wallet (user_id, balance, updated_at, created_at)
values  (1001, 0, now(), now()),
        (1002, 0, now(), now()),
        (1003, 0, now(), now()),
        (1004, 0, now(), now()),
        (1005, 0, now(), now()),
        (1006, 0, now(), now()),
        (1007, 0, now(), now()),
        (1008, 0, now(), now()),
        (1009, 0, now(), now()),
        (1010, 0, now(), now()),
        (1011, 0, now(), now()),
        (1012, 0, now(), now()),
        (1013, 0, now(), now()),
        (1014, 0, now(), now()),
        (1015, 0, now(), now()),
        (1016, 0, now(), now()),
        (1017, 0, now(), now()),
        (1018, 0, now(), now()),
        (1019, 0, now(), now()),
        (1020, 0, now(), now()),
        (1021, 0, now(), now()),
        (1022, 0, now(), now()),
        (1023, 0, now(), now()),
        (1024, 0, now(), now()),
        (1025, 0, now(), now()),
        (1026, 0, now(), now()),
        (1027, 0, now(), now()),
        (1028, 0, now(), now()),
        (1029, 0, now(), now()),
        (1030, 0, now(), now()),
        (1031, 0, now(), now()),
        (1032, 0, now(), now()),
        (1033, 0, now(), now()),
        (1034, 0, now(), now()),
        (1035, 0, now(), now()),
        (1036, 0, now(), now()),
        (1037, 0, now(), now()),
        (1038, 0, now(), now()),
        (1039, 0, now(), now()),
        (1040, 0, now(), now()),
        (1041, 0, now(), now()),
        (1042, 0, now(), now()),
        (1043, 0, now(), now()),
        (1044, 0, now(), now()),
        (1045, 0, now(), now()),
        (1046, 0, now(), now()),
        (1047, 0, now(), now()),
        (1048, 0, now(), now()),
        (1049, 0, now(), now()),
        (1050, 0, now(), now()),
        (1051, 0, now(), now()),
        (1052, 0, now(), now()),
        (1053, 0, now(), now()),
        (1054, 0, now(), now()),
        (1055, 0, now(), now()),
        (1056, 0, now(), now()),
        (1057, 0, now(), now()),
        (1058, 0, now(), now()),
        (1059, 0, now(), now()),
        (1060, 0, now(), now()),
        (1061, 0, now(), now()),
        (1062, 0, now(), now()),
        (1063, 0, now(), now()),
        (1064, 0, now(), now()),
        (1065, 0, now(), now()),
        (1066, 0, now(), now()),
        (1067, 0, now(), now()),
        (1068, 0, now(), now()),
        (1069, 0, now(), now()),
        (1070, 0, now(), now()),
        (1071, 0, now(), now()),
        (1072, 0, now(), now()),
        (1073, 0, now(), now()),
        (1074, 0, now(), now()),
        (1075, 0, now(), now()),
        (1076, 0, now(), now()),
        (1077, 0, now(), now()),
        (1078, 0, now(), now()),
        (1079, 0, now(), now()),
        (1080, 0, now(), now()),
        (1081, 0, now(), now()),
        (1082, 0, now(), now()),
        (1083, 0, now(), now()),
        (1084, 0, now(), now()),
        (1085, 0, now(), now()),
        (1086, 0, now(), now()),
        (1087, 0, now(), now()),
        (1088, 0, now(), now()),
        (1089, 0, now(), now()),
        (1090, 0, now(), now()),
        (1091, 0, now(), now()),
        (1092, 0, now(), now()),
        (1093, 0, now(), now()),
        (1094, 0, now(), now()),
        (1095, 0, now(), now()),
        (1096, 0, now(), now()),
        (1097, 0, now(), now()),
        (1098, 0, now(), now()),
        (1099, 0, now(), now()),
        (1100, 0, now(), now())
;